Gender,state,sector,Age,Edu_level,workin_agri_forestry_fishing,Voters_card,BVN,Tax_invoice,Tax_cert,invest_freq,Borrowed_in_past,Paying_borrowed,Debt,Drought_damage,Pest_infestation,Avg_income,Own_agri_land,Own_agri_mech_tool,banked,saving_strand,credit_strand,insurance_strand,investments_physical_assets,investments_capital_markets,finhealth_resilience,finhealth_access,finlit_knowledge,finhealth_indicator_final
2,ABIA,1,25,4,0,1,2,2,2,2,2,1,2,2,2,2,2,3,2,3,4,0,1,2,2,0,2,1
1,ABIA,1,25,5,0,1,1,2,2,2,2,2,1,2,2,4,3,3,1,1,3,0,2,2,0,2,2,1
2,ABIA,1,23,5,0,1,2,2,2,1,2,2,3,2,2,3,2,3,1,1,4,0,1,2,1,0,2,1
1,ABIA,1,23,5,0,1,1,2,2,3,2,2,2,2,2,2,3,3,1,1,4,0,1,2,0,0,2,0
1,ADAMAWA,2,25,5,1,1,1,2,2,2,1,1,1,2,2,2,2,3,2,0,4,0,1,2,0,0,0,1
1,ADAMAWA,2,22,5,1,1,2,2,2,3,1,1,1,1,1,2,3,3,2,0,4,0,2,2,0,0,2,1
1,ADAMAWA,2,20,4,1,1,2,2,2,1,2,2,2,2,2,1,3,3,2,0,4,0,1,2,1,0,1,1
1,ADAMAWA,1,22,5,1,1,2,2,2,2,1,2,2,2,1,3,3,3,2,0,4,0,1,2,0,0,2,0
1,ADAMAWA,2,25,10,1,2,1,2,2,2,1,1,2,2,2,20,2,3,2,0,4,0,1,2,0,0,0,1
1,ADAMAWA,2,25,2,1,1,2,2,2,3,1,1,2,2,1,2,1,3,2,0,4,0,1,2,0,0,0,0
1,ADAMAWA,2,22,5,1,2,2,2,2,2,1,1,2,2,2,1,3,3,2,0,4,0,2,2,0,0,0,1
1,ADAMAWA,2,21,10,1,2,2,2,2,2,1,2,1,2,2,1,1,3,2,0,4,0,1,2,0,1,0,1
2,ADAMAWA,2,23,4,1,1,2,2,2,3,1,1,2,2,2,1,3,3,2,0,4,0,2,2,0,0,0,1
1,ADAMAWA,2,21,10,1,2,2,2,2,3,1,2,3,2,1,1,1,3,2,4,4,0,1,2,0,0,2,1
2,ADAMAWA,2,21,4,1,2,1,2,2,2,1,1,1,2,1,20,2,3,2,0,4,0,2,2,0,1,0,1
2,ADAMAWA,1,25,5,1,1,1,2,2,3,1,1,2,2,2,2,3,3,2,0,4,0,2,2,0,0,0,0
2,ADAMAWA,2,21,4,1,2,1,2,2,2,1,1,2,2,1,2,3,3,2,0,4,0,1,2,0,0,0,1
1,ADAMAWA,1,18,10,1,1,1,2,2,2,1,1,3,1,1,20,1,3,2,0,4,0,1,2,0,0,0,0
2,ADAMAWA,2,23,5,0,1,1,2,2,2,1,2,2,2,2,2,3,3,2,0,4,0,2,2,0,0,1,1
1,ADAMAWA,2,25,5,1,1,1,2,2,2,1,1,3,1,1,20,2,3,2,0,3,0,1,2,0,0,2,1
1,ADAMAWA,2,25,10,1,1,2,2,2,2,1,1,1,2,2,2,2,3,2,0,4,0,1,2,0,0,1,1
2,ADAMAWA,1,20,3,0,2,2,2,2,3,1,1,4,2,2,20,3,3,2,0,3,0,2,2,1,0,0,0
1,ADAMAWA,2,25,5,1,1,2,2,2,2,1,1,2,2,2,2,1,3,2,3,4,0,1,2,0,1,0,1
1,ADAMAWA,2,25,10,1,2,2,2,2,2,1,1,3,2,1,19,1,3,2,0,4,0,1,2,0,0,0,1
2,ADAMAWA,2,24,4,1,1,2,2,2,2,1,1,3,2,1,1,3,3,2,0,4,0,2,2,0,0,1,1
2,ADAMAWA,2,22,3,1,1,1,2,2,3,1,2,2,1,2,20,3,3,2,0,4,0,2,2,0,0,1,0
1,ADAMAWA,2,23,5,1,1,1,2,2,2,1,2,1,2,2,6,1,3,2,0,4,0,2,2,0,0,2,0
2,ADAMAWA,2,20,4,1,2,1,2,2,3,1,1,2,1,1,20,1,3,2,0,4,0,2,2,0,0,1,0
1,ADAMAWA,2,25,2,1,2,1,1,2,2,1,1,2,1,1,3,1,3,2,0,3,0,1,2,0,0,2,0
1,ADAMAWA,2,21,4,1,1,2,2,2,2,1,1,3,1,1,19,1,3,2,0,4,0,1,2,2,0,1,1
1,ADAMAWA,2,19,4,1,1,2,2,2,2,2,2,1,2,2,1,2,1,2,0,4,0,1,2,0,0,1,1
2,ADAMAWA,1,25,3,0,1,1,2,2,3,2,2,1,2,2,20,3,3,2,0,4,0,2,2,0,0,0,0
1,ADAMAWA,1,25,4,0,2,2,2,2,2,1,1,2,2,2,1,3,3,2,3,3,0,1,2,0,0,1,1
1,ADAMAWA,2,23,5,1,2,1,2,2,2,1,2,1,2,2,2,1,3,1,0,4,0,1,2,0,1,1,1
1,ADAMAWA,2,22,5,0,1,2,1,1,3,1,2,2,1,2,1,3,3,1,1,4,0,2,2,0,0,2,0
2,ADAMAWA,2,24,5,1,1,2,2,2,2,1,1,1,2,2,2,2,3,1,3,3,0,2,2,0,1,0,2
2,ADAMAWA,2,25,7,0,1,1,2,2,3,1,2,3,2,2,2,3,3,1,1,4,0,2,2,1,0,1,1
2,ADAMAWA,2,20,4,1,2,2,2,2,3,1,2,2,1,1,2,1,3,1,0,4,0,2,2,1,0,0,1
2,ADAMAWA,2,19,3,1,1,1,2,2,3,2,1,1,2,1,1,3,3,1,0,4,0,1,2,1,0,2,1
2,ADAMAWA,1,25,6,0,1,2,2,2,3,2,2,1,2,2,2,3,3,1,1,4,0,2,2,0,0,2,1
1,ADAMAWA,2,23,6,1,1,2,2,2,2,1,1,2,2,1,20,1,3,1,0,4,0,2,2,0,0,1,1
2,ADAMAWA,2,25,5,1,2,1,2,2,2,1,1,2,2,2,1,3,3,1,0,4,0,2,2,0,0,0,1
2,ADAMAWA,2,25,5,1,1,2,2,2,2,1,2,2,2,2,2,3,3,1,3,4,0,1,2,0,0,2,1
2,ADAMAWA,1,24,6,1,2,1,2,2,2,1,1,1,2,2,1,1,3,1,0,4,0,1,2,0,0,0,1
1,ADAMAWA,2,22,5,1,1,1,2,2,2,1,2,2,1,1,2,2,3,1,1,2,0,1,2,0,0,2,0
2,ADAMAWA,2,24,11,1,2,2,2,2,2,1,2,2,1,1,1,1,1,1,4,4,0,1,2,0,0,1,1
1,ADAMAWA,2,25,5,1,1,2,2,2,2,1,2,1,2,2,2,1,3,1,0,4,0,1,2,0,1,0,1
1,ADAMAWA,1,20,5,1,1,1,2,2,3,1,2,2,2,1,3,3,3,1,1,4,0,1,2,0,0,2,1
1,ADAMAWA,1,22,6,0,1,1,2,2,1,2,2,2,2,1,4,3,3,1,1,3,0,1,2,0,0,2,1
2,ADAMAWA,1,20,5,0,2,2,2,2,3,1,2,2,2,1,19,3,3,1,1,4,0,2,2,0,0,0,0
2,ADAMAWA,2,24,5,1,2,1,2,2,3,1,2,1,2,2,1,3,3,1,0,4,0,2,2,1,0,2,0
2,AKWA IBOM,2,20,5,0,1,1,2,2,3,1,2,2,2,1,2,3,3,2,0,4,0,2,2,0,0,0,0
2,AKWA IBOM,1,25,5,1,2,2,2,2,3,1,2,1,2,2,5,3,3,2,0,4,0,2,2,0,0,0,0
2,AKWA IBOM,2,23,4,0,1,2,2,2,3,2,2,2,2,2,19,3,3,2,3,4,0,2,2,2,0,0,1
2,AKWA IBOM,2,22,3,0,2,2,2,2,3,2,1,4,2,2,2,3,3,2,0,3,0,2,2,0,0,0,1
2,AKWA IBOM,1,20,4,1,2,2,2,2,3,1,2,3,2,2,1,3,3,2,3,4,0,2,2,0,0,0,0
2,AKWA IBOM,1,20,4,0,2,1,2,2,3,1,1,1,2,2,8,3,3,2,3,4,0,2,2,0,0,0,1
1,AKWA IBOM,2,25,4,1,1,1,2,2,3,1,2,1,2,1,3,1,3,2,3,4,0,1,2,2,0,1,2
1,AKWA IBOM,2,18,3,0,2,2,2,2,3,2,2,2,1,1,1,1,3,2,3,3,0,1,2,0,0,2,1
2,AKWA IBOM,1,19,4,0,2,2,2,2,3,1,1,2,2,2,6,3,3,1,0,4,0,1,2,0,0,1,1
2,AKWA IBOM,1,24,5,1,1,1,2,2,3,1,1,2,1,1,11,3,3,1,3,4,0,2,2,0,1,2,1
1,AKWA IBOM,1,24,5,0,2,2,2,2,3,2,2,1,2,2,19,3,3,1,3,4,0,2,2,2,0,2,1
2,AKWA IBOM,1,23,5,0,2,1,2,2,3,1,1,2,2,2,8,3,3,1,1,4,0,2,2,0,0,2,1
1,AKWA IBOM,2,22,5,0,1,1,2,2,3,1,1,3,2,2,2,3,3,1,1,4,0,2,2,2,1,1,2
2,AKWA IBOM,1,22,5,0,2,1,2,2,3,2,2,1,2,2,2,3,3,1,3,4,0,2,2,0,0,0,1
2,AKWA IBOM,1,22,5,0,1,2,2,2,3,2,2,2,2,2,1,3,3,1,0,4,0,2,2,0,0,2,0
2,AKWA IBOM,1,21,5,0,1,1,2,2,3,1,1,2,2,2,3,3,3,1,1,4,0,2,2,0,0,2,1
2,AKWA IBOM,2,25,5,0,1,2,2,2,3,1,1,1,2,2,19,1,3,1,3,4,0,1,2,0,0,0,1
2,AKWA IBOM,2,25,5,0,1,1,2,2,3,1,1,2,2,1,4,3,3,1,1,4,0,2,1,0,0,2,0
1,AKWA IBOM,1,20,5,0,2,2,2,2,3,1,1,2,2,2,2,3,3,1,1,4,0,2,2,0,0,1,0
2,AKWA IBOM,2,25,5,0,1,1,2,2,3,1,1,2,2,2,3,1,3,1,1,4,0,2,2,0,0,2,1
2,AKWA IBOM,2,20,5,0,1,1,2,1,3,1,1,1,2,1,6,3,3,1,2,4,0,2,2,0,0,0,0
2,AKWA IBOM,2,22,5,0,1,1,2,2,3,1,1,2,2,2,2,3,3,1,0,4,0,2,2,0,0,2,0
1,AKWA IBOM,2,22,4,0,1,1,2,2,3,1,2,2,2,2,4,3,3,1,1,3,0,2,2,0,0,2,0
1,AKWA IBOM,2,25,4,0,1,1,2,2,3,1,1,3,2,2,3,3,3,1,1,4,0,2,2,0,0,0,1
2,AKWA IBOM,2,25,3,0,1,1,2,2,3,1,1,3,2,2,3,3,3,1,3,3,0,1,2,0,0,0,0
1,AKWA IBOM,2,24,5,0,2,1,2,2,3,1,1,1,2,2,1,3,3,1,4,4,0,2,2,0,0,2,1
2,AKWA IBOM,2,22,5,0,2,1,2,2,3,1,1,2,2,2,2,3,3,1,1,4,0,2,2,0,0,0,0
1,AKWA IBOM,1,25,5,1,1,2,2,2,3,1,1,2,2,2,2,3,3,1,3,4,0,2,2,0,0,1,0
1,ANAMBRA,1,23,5,0,1,1,1,1,3,1,2,1,2,2,4,3,3,1,1,4,0,1,2,0,0,2,1
1,ANAMBRA,1,24,5,0,1,1,2,2,2,1,1,1,1,2,4,1,3,1,1,4,0,1,2,0,0,2,0
1,ANAMBRA,1,23,5,0,1,2,2,2,3,1,2,3,2,2,2,3,3,1,1,3,0,1,2,2,2,2,2
1,ANAMBRA,1,23,5,0,1,1,2,2,3,2,2,1,2,2,2,3,3,1,1,3,0,2,2,1,2,2,2
1,ANAMBRA,1,23,5,0,1,1,1,1,3,1,2,1,2,2,4,3,3,1,1,4,0,1,2,0,2,2,2
2,ANAMBRA,1,25,7,0,1,1,2,2,2,1,2,1,2,2,6,2,3,1,1,3,0,1,2,0,2,1,2
2,ANAMBRA,1,25,5,0,1,1,2,2,3,1,2,1,2,2,2,2,3,1,1,4,0,2,2,0,0,1,1
1,BAUCHI,2,20,10,1,1,2,2,2,2,1,2,2,2,1,1,2,3,2,0,4,0,1,2,0,0,1,1
1,BAUCHI,2,25,5,1,1,2,2,2,2,1,2,3,2,2,20,1,3,2,0,4,0,1,2,0,0,0,1
1,BAUCHI,2,25,3,1,1,2,2,2,2,1,2,1,2,2,19,1,3,2,0,4,0,1,2,0,0,0,0
1,BAUCHI,2,22,3,1,1,2,2,2,3,1,2,3,1,1,20,1,3,2,0,4,0,1,2,0,0,0,0
1,BAUCHI,2,25,5,1,1,2,2,2,3,1,2,3,1,1,20,3,3,2,0,4,0,2,2,0,0,0,0
1,BAUCHI,2,25,2,1,1,2,2,2,2,1,2,1,2,2,2,3,3,2,0,4,0,1,2,2,0,0,1
2,BAUCHI,2,20,10,0,2,1,2,2,3,1,2,1,2,2,2,3,3,2,0,4,0,2,2,1,0,0,1
1,BAUCHI,2,20,4,0,1,1,2,2,2,1,2,2,2,2,3,3,3,2,0,4,0,1,2,1,0,0,1
2,BAUCHI,2,23,3,0,1,2,2,2,3,1,2,2,2,2,19,3,3,2,0,4,0,2,2,0,0,0,0
1,BAUCHI,2,25,3,1,1,2,2,2,2,1,2,3,1,1,20,3,3,2,0,4,0,2,2,0,0,0,1
1,BAUCHI,2,23,5,1,2,2,2,2,3,1,2,2,2,2,2,1,3,2,0,4,0,1,2,0,0,0,0
1,BAUCHI,2,25,11,1,2,2,2,2,2,1,1,3,1,2,20,3,3,2,0,4,0,1,2,0,0,0,1
1,BAUCHI,1,20,4,1,2,1,2,2,3,1,1,2,2,2,20,3,3,2,0,4,0,1,2,0,0,0,0
1,BAUCHI,2,18,10,1,2,2,2,2,2,1,2,2,2,2,1,1,3,2,0,3,0,1,2,0,1,0,1
1,BAUCHI,2,25,3,1,1,2,2,2,2,1,1,1,2,2,2,1,3,2,0,3,0,1,2,1,0,0,1
1,BAUCHI,2,20,11,1,1,2,2,2,2,1,2,3,2,2,2,3,3,2,0,4,0,2,2,0,0,0,0
1,BAUCHI,2,23,5,1,1,2,2,2,2,2,2,2,2,2,1,1,3,2,0,4,0,1,2,0,0,0,0
1,BAUCHI,2,24,3,0,1,2,2,2,3,1,1,3,2,2,1,3,3,2,0,4,0,2,2,0,0,2,0
1,BAUCHI,2,24,10,1,2,2,2,2,3,1,2,3,2,2,20,1,3,2,0,4,0,1,2,0,0,0,0
1,BAUCHI,2,25,11,1,2,2,2,2,2,1,2,1,2,2,1,1,3,2,4,4,0,1,2,0,0,0,0
1,BAUCHI,2,25,11,1,1,2,2,2,2,1,2,3,2,2,1,1,3,2,0,4,0,1,2,0,1,0,1
2,BAUCHI,1,21,10,0,2,2,2,2,2,1,1,2,2,2,2,3,3,2,0,4,0,2,2,0,0,0,1
1,BAUCHI,2,25,11,1,1,2,2,2,2,1,2,2,1,1,20,1,3,2,0,4,0,1,2,0,0,0,1
1,BAUCHI,2,20,4,1,1,2,2,2,2,1,2,1,2,1,1,3,3,2,4,4,0,1,2,0,0,2,1
1,BAUCHI,2,25,11,1,1,2,2,2,3,1,1,2,2,2,20,3,3,2,0,4,0,1,2,1,0,0,0
1,BAUCHI,2,24,11,1,2,1,2,2,2,1,2,2,2,2,1,1,3,2,0,4,0,1,2,0,0,0,0
2,BAUCHI,2,18,10,1,2,1,2,2,2,1,2,1,2,2,20,1,3,2,0,4,0,1,2,1,0,0,1
2,BAUCHI,2,18,10,1,1,2,2,2,2,1,2,2,2,2,1,3,3,2,3,4,0,1,2,0,0,0,0
1,BAUCHI,2,25,10,1,2,2,2,2,2,1,2,3,2,2,6,1,3,2,0,4,0,1,2,0,0,0,0
2,BAUCHI,2,25,5,0,1,1,2,2,3,1,2,3,2,2,20,3,3,2,0,4,0,2,2,0,0,0,0
2,BAUCHI,2,23,3,0,2,1,2,2,3,1,2,1,2,2,1,3,3,2,0,3,0,2,2,2,0,0,1
1,BAUCHI,2,24,11,1,1,1,2,2,3,1,2,3,1,2,20,1,3,2,0,4,0,1,2,0,0,0,0
2,BAUCHI,2,22,11,1,1,2,2,2,2,1,2,1,2,2,2,2,3,2,3,4,0,1,2,0,0,1,1
2,BAUCHI,2,25,11,1,1,2,2,2,2,1,2,1,2,2,2,1,3,2,3,3,0,1,2,0,0,1,1
2,BAUCHI,2,18,11,1,2,2,2,2,2,2,2,1,2,2,3,2,3,2,3,4,0,1,2,0,0,2,1
2,BAUCHI,2,25,11,1,1,1,2,2,2,1,2,2,2,2,1,1,3,2,3,3,0,1,2,0,0,0,0
2,BAUCHI,2,23,3,1,1,2,2,2,2,1,2,2,2,2,1,3,3,2,3,4,0,1,2,0,1,0,1
2,BAUCHI,2,25,5,0,2,2,2,2,2,1,1,2,2,2,19,3,3,2,3,3,0,1,2,0,1,0,1
2,BAUCHI,2,23,11,0,1,2,2,2,2,1,2,1,2,2,6,2,3,2,4,4,0,1,2,1,0,2,2
2,BAUCHI,2,25,10,1,1,2,2,2,2,1,2,2,2,2,1,1,3,2,0,4,0,1,2,0,1,0,1
2,BAUCHI,2,25,10,1,1,2,2,2,2,1,2,2,2,2,1,1,3,2,3,4,0,1,2,0,1,0,1
1,BAUCHI,2,23,3,1,2,2,2,2,2,1,2,1,2,2,4,1,3,2,0,4,0,1,2,1,1,1,1
2,BAUCHI,2,21,11,1,1,2,2,2,2,1,1,1,2,2,2,2,3,2,0,4,0,1,2,0,0,0,1
2,BAUCHI,1,19,3,1,2,2,2,2,3,1,2,1,2,2,1,3,3,2,0,4,0,1,2,1,0,0,0
1,BAUCHI,1,23,2,0,1,2,2,2,3,1,2,3,2,2,6,1,3,2,0,4,0,1,2,1,1,2,1
2,BAUCHI,1,23,3,1,2,2,2,2,2,1,1,1,2,2,2,3,3,2,0,4,0,1,2,2,0,2,1
1,BAUCHI,2,25,5,1,1,2,2,2,2,1,2,2,2,2,2,1,3,2,3,4,0,1,2,0,0,0,1
1,BAUCHI,2,23,5,1,1,1,2,2,2,1,2,2,2,2,1,1,3,2,0,4,0,1,2,1,0,0,1
1,BAUCHI,2,24,3,1,2,2,2,2,2,1,2,2,2,2,1,3,3,2,0,4,0,1,2,0,0,0,1
1,BAUCHI,2,25,3,1,2,2,2,2,3,1,2,2,2,2,19,1,3,2,0,4,0,1,2,0,0,0,0
1,BAUCHI,2,20,4,1,1,1,2,2,3,1,2,1,2,2,2,1,3,2,0,4,0,1,2,1,1,2,1
2,BAUCHI,2,19,11,0,1,2,2,2,2,1,2,1,2,2,3,2,3,2,3,3,0,1,2,0,0,2,1
1,BAUCHI,2,25,11,1,2,2,2,2,2,1,1,2,2,2,20,1,3,2,0,4,0,1,2,0,0,0,1
2,BAUCHI,2,18,2,1,2,1,2,2,2,1,1,1,2,2,2,2,3,2,3,3,0,1,2,1,0,1,1
1,BAUCHI,2,25,10,1,2,2,2,2,2,1,2,1,2,2,3,1,3,2,0,4,0,1,2,1,1,0,2
1,BAUCHI,2,24,6,1,1,2,2,2,2,1,2,1,2,2,2,1,3,1,1,3,0,1,2,0,1,2,1
1,BAUCHI,1,23,5,0,1,1,2,2,3,1,2,2,2,2,2,3,3,1,1,4,0,2,2,0,0,2,1
2,BAUCHI,1,22,4,0,2,2,2,2,3,1,1,2,2,2,20,3,3,1,0,4,0,2,2,0,0,0,0
1,BAUCHI,2,20,5,0,1,1,2,2,3,1,2,1,2,2,1,3,3,1,1,4,0,2,2,1,0,2,0
2,BAUCHI,2,18,5,0,1,2,2,2,2,1,1,2,2,2,1,3,3,1,4,4,0,2,2,0,1,0,1
1,BAUCHI,2,25,3,1,1,2,2,2,2,1,2,2,2,2,2,1,3,1,0,4,0,1,2,0,0,0,0
2,BAUCHI,1,19,4,0,1,1,2,2,2,1,2,1,2,2,3,3,3,1,1,4,0,1,2,1,0,1,1
2,BAUCHI,2,22,4,0,1,2,2,2,2,2,1,2,2,2,1,3,3,1,3,4,0,1,2,2,1,1,1
2,BAUCHI,1,19,5,0,1,1,2,2,2,1,2,1,2,2,5,3,3,1,1,3,0,1,2,1,0,1,1
2,BAUCHI,2,18,11,1,1,1,2,2,2,1,1,2,2,2,3,2,3,1,1,3,0,1,1,0,0,1,1
1,BAUCHI,2,25,4,1,1,2,2,2,2,2,2,1,2,1,6,1,3,1,3,4,0,1,2,2,1,1,2
2,BAUCHI,2,22,10,0,2,1,2,2,2,2,2,1,2,2,2,3,3,1,4,4,0,1,2,0,0,2,1
2,BAUCHI,1,20,3,1,1,1,2,2,2,1,2,1,2,2,2,3,3,1,3,4,0,1,2,2,1,2,2
2,BAUCHI,2,20,2,0,1,1,2,2,2,1,2,1,2,2,3,2,3,1,3,4,0,1,2,0,0,2,1
1,BAUCHI,2,23,3,1,1,2,2,2,2,1,2,3,1,1,20,1,3,1,1,3,0,1,2,0,0,0,0
1,BAUCHI,2,25,10,0,1,2,2,2,2,1,1,2,2,2,4,1,3,1,0,4,0,1,2,0,1,1,1
1,BAUCHI,1,19,5,0,1,1,2,2,2,1,2,1,2,2,2,3,3,1,1,4,0,1,2,1,1,2,2
1,BAUCHI,2,25,10,0,1,2,2,2,2,1,2,1,2,2,2,1,3,1,0,4,0,1,2,1,0,1,1
1,BAUCHI,2,22,4,1,1,1,2,2,3,2,2,1,2,1,1,2,1,1,1,4,0,2,2,1,0,0,1
1,BAUCHI,2,25,6,1,1,1,2,2,2,1,2,2,2,2,2,2,3,1,1,4,0,1,2,1,0,2,1
2,BAUCHI,1,25,5,1,1,1,2,2,2,1,1,1,2,2,2,2,3,1,1,4,0,1,2,1,0,1,2
1,BAYELSA,2,21,4,0,2,2,2,2,3,1,2,1,2,2,2,3,3,2,4,4,0,2,2,0,0,0,0
2,BAYELSA,1,21,5,0,1,2,2,2,3,1,2,1,2,2,3,3,3,2,3,4,0,2,2,2,0,2,2
2,BAYELSA,1,24,5,1,1,1,2,2,3,2,2,1,2,2,3,2,3,2,4,4,0,1,2,0,0,2,0
2,BAYELSA,2,19,5,1,1,1,2,2,3,1,2,1,2,2,3,3,3,2,4,4,0,2,2,0,0,2,1
2,BAYELSA,2,24,5,0,1,2,2,2,2,1,2,1,2,2,2,3,3,2,0,4,0,2,2,1,0,2,2
2,BAYELSA,1,24,5,0,1,1,2,2,2,1,2,2,2,2,2,3,3,2,4,4,0,2,2,0,0,2,1
1,BAYELSA,1,25,5,0,1,1,2,2,2,1,1,2,2,2,2,3,3,2,0,3,0,2,2,0,0,1,1
2,BAYELSA,2,19,3,0,2,2,2,2,3,1,2,1,2,2,2,3,3,2,3,3,0,2,2,0,0,0,0
2,BAYELSA,1,25,5,1,1,1,2,2,1,2,2,1,2,2,2,2,3,1,4,4,0,1,2,0,0,1,0
1,BAYELSA,1,23,5,1,1,1,2,2,2,1,2,1,2,2,4,3,3,1,1,2,0,2,2,1,0,2,1
2,BAYELSA,2,25,5,0,1,2,2,2,3,1,2,1,2,2,3,3,3,1,4,4,0,2,2,1,0,2,1
2,BAYELSA,1,25,5,0,1,1,2,2,3,1,2,2,2,2,3,3,3,1,4,4,0,2,2,1,0,2,1
1,BAYELSA,2,20,5,1,1,2,2,2,2,1,2,1,2,2,2,3,3,1,2,4,0,2,2,0,0,2,1
2,BAYELSA,2,22,7,0,1,1,2,2,2,1,2,1,2,2,2,3,3,1,1,4,0,2,2,1,0,1,2
2,BAYELSA,1,25,5,0,1,1,2,2,2,1,2,1,2,2,3,3,3,1,3,3,0,2,2,1,0,2,2
2,BAYELSA,1,25,5,0,1,1,2,2,3,1,2,1,2,2,3,3,3,1,1,3,0,2,2,0,0,2,1
2,BAYELSA,1,21,5,0,1,1,2,2,3,1,2,1,2,2,2,3,3,1,2,4,0,2,2,0,0,2,0
2,BAYELSA,1,21,5,0,1,1,2,2,3,1,2,1,2,2,3,3,3,1,1,3,0,2,2,1,0,2,1
1,BAYELSA,2,22,4,1,1,2,2,2,3,1,2,1,2,2,2,3,3,1,2,2,0,2,2,0,0,2,1
2,BAYELSA,2,21,5,0,2,2,2,2,3,1,2,1,2,1,2,3,3,1,1,3,0,2,2,1,0,2,1
2,BAYELSA,1,25,5,0,1,1,2,2,2,1,2,2,2,2,2,3,3,1,1,4,0,2,2,0,0,2,1
1,BAYELSA,1,19,5,0,1,2,2,1,2,1,2,1,2,2,3,3,3,1,1,2,0,2,2,0,2,2,2
2,BAYELSA,1,22,5,0,2,2,2,2,3,1,2,1,2,2,2,3,3,1,1,4,0,1,2,0,0,1,1
2,BAYELSA,1,21,5,0,1,1,2,2,3,1,2,1,2,2,3,3,3,1,1,4,0,2,2,0,0,2,1
2,BAYELSA,1,22,5,0,2,1,2,2,3,1,2,1,2,2,2,3,3,1,3,3,0,1,2,2,0,2,1
2,BAYELSA,1,19,5,0,2,1,2,2,2,1,2,1,2,2,3,3,3,1,2,4,0,2,2,1,0,2,1
1,BENUE,1,22,4,1,1,2,2,2,3,1,2,1,2,2,1,3,3,2,0,4,0,2,2,0,0,0,1
1,BENUE,2,21,5,1,1,2,2,2,1,1,1,3,2,2,3,2,3,2,4,4,0,2,2,0,0,0,1
2,BENUE,2,25,5,0,2,2,2,2,3,1,2,3,2,2,2,3,3,2,3,3,0,1,2,1,0,1,1
1,BENUE,2,23,4,1,1,2,1,2,3,1,2,1,2,1,1,1,3,2,3,3,0,1,2,0,0,2,1
2,BENUE,1,18,4,0,2,2,2,2,2,1,1,3,2,2,19,3,3,2,3,3,0,1,2,0,0,1,0
2,BENUE,2,20,4,1,2,2,2,2,3,1,2,3,2,1,1,2,3,2,3,3,0,1,2,0,0,0,1
1,BENUE,2,18,4,1,1,1,2,2,3,1,2,3,2,2,2,1,3,2,3,3,0,1,2,0,0,1,0
1,BENUE,1,20,5,0,2,2,2,2,3,1,1,2,2,2,2,3,3,2,3,4,0,1,2,0,0,0,1
1,BENUE,2,25,4,1,1,2,2,2,2,1,2,3,2,2,1,1,3,2,3,4,0,1,2,0,0,1,0
2,BENUE,2,25,3,1,1,2,2,2,3,1,2,2,2,2,2,3,3,2,3,4,0,1,2,1,0,0,0
1,BENUE,2,20,3,1,1,2,2,2,2,1,2,3,2,2,2,1,3,2,0,3,0,1,2,0,0,2,0
1,BENUE,1,19,4,1,1,2,2,2,3,2,2,2,2,2,20,2,3,2,0,4,0,2,2,0,0,2,0
1,BENUE,1,19,5,0,1,2,2,2,3,1,2,1,2,2,2,3,3,2,2,4,0,2,2,2,0,2,2
1,BENUE,2,25,5,1,2,2,2,2,3,1,1,4,2,1,2,1,3,2,0,4,0,1,2,0,0,0,1
2,BENUE,2,22,2,1,2,2,2,2,3,1,2,4,2,2,1,3,3,2,4,4,0,1,2,0,0,0,1
1,BENUE,1,25,5,0,1,2,2,2,3,1,2,1,2,2,18,3,3,1,0,4,0,2,2,0,0,1,1
1,BENUE,2,25,5,1,1,2,2,2,3,1,2,1,2,2,3,2,3,1,1,3,0,2,2,0,0,2,2
1,BENUE,2,20,3,1,1,2,2,2,3,1,2,1,2,2,2,1,3,1,0,4,0,1,2,0,0,0,0
1,BENUE,2,25,5,1,1,1,2,2,3,1,2,1,2,1,1,1,3,1,0,4,0,2,2,0,0,2,0
1,BENUE,1,21,4,1,1,1,1,2,3,1,2,2,2,2,2,1,3,1,1,3,0,1,2,0,0,1,0
2,BENUE,2,23,2,1,2,2,2,2,3,1,2,3,2,2,1,2,3,1,4,4,0,2,2,0,0,0,1
2,BENUE,2,21,3,1,1,1,2,2,3,1,2,2,2,2,1,3,3,1,3,3,0,2,2,0,0,0,1
1,BENUE,1,24,5,1,1,2,2,2,3,2,2,2,2,2,2,2,3,1,2,3,0,1,1,0,1,0,1
1,BORNO,1,21,10,0,1,2,2,2,2,1,2,2,2,2,1,3,3,2,0,4,0,1,2,0,1,1,1
2,BORNO,2,19,11,1,2,2,2,2,3,2,2,4,2,2,1,3,3,2,0,4,0,1,2,1,1,1,0
2,BORNO,2,25,3,0,1,1,2,2,2,1,2,3,2,2,1,3,1,2,4,4,0,2,2,0,0,2,0
2,BORNO,2,20,11,1,2,2,2,2,3,1,2,2,2,2,1,1,3,2,0,4,0,1,2,0,1,2,0
1,BORNO,2,24,11,1,1,2,2,2,2,1,1,1,2,2,20,2,3,2,0,4,0,1,2,0,1,0,1
2,BORNO,1,24,5,0,2,2,2,2,2,1,1,2,2,2,18,3,3,2,0,4,0,2,2,0,1,0,1
2,BORNO,1,25,5,1,1,2,2,2,2,1,2,3,2,2,20,3,3,2,0,4,0,2,2,0,1,0,1
2,BORNO,2,21,11,1,1,2,2,2,2,1,2,1,2,2,19,3,3,2,3,4,0,2,2,0,1,1,1
2,BORNO,1,18,10,1,1,2,2,2,1,1,2,1,2,2,2,1,2,2,3,3,0,1,2,0,0,1,1
2,BORNO,1,22,11,0,1,2,2,2,1,1,2,2,2,2,19,1,3,2,0,4,0,1,2,0,1,2,1
1,BORNO,1,19,10,1,1,1,2,2,3,1,2,2,2,2,19,1,3,1,1,4,0,2,2,0,1,2,1
1,BORNO,2,25,11,1,1,2,2,2,2,1,2,2,2,2,3,1,3,1,1,4,0,1,1,2,2,2,2
2,BORNO,1,24,5,1,2,2,2,2,1,1,1,1,2,2,18,1,3,1,1,4,0,2,2,0,1,1,1
1,BORNO,2,20,5,1,2,2,2,2,2,2,2,1,2,2,18,3,3,1,1,4,0,1,2,0,0,2,1
2,BORNO,2,25,11,1,1,2,2,2,3,1,1,1,2,1,20,3,3,1,0,4,0,1,2,2,0,0,1
2,CROSS RIVER,1,25,3,0,2,2,2,2,3,2,2,2,2,2,1,3,3,2,0,4,0,2,2,0,0,2,0
2,CROSS RIVER,1,24,3,1,2,2,2,2,3,1,2,2,2,2,3,3,3,2,0,4,0,1,2,0,0,1,0
1,CROSS RIVER,2,25,5,1,1,2,2,2,3,1,2,2,2,2,2,3,3,2,4,4,0,1,2,0,0,0,1
2,CROSS RIVER,1,24,2,1,2,2,2,2,3,1,1,3,2,2,3,1,3,2,0,4,0,2,2,0,0,2,0
2,CROSS RIVER,2,21,4,0,2,2,2,2,3,1,2,2,2,2,3,3,3,2,0,4,0,2,2,0,0,0,0
2,CROSS RIVER,1,19,4,1,2,2,2,2,3,1,2,1,2,2,2,2,3,2,3,3,0,1,2,1,0,0,2
1,CROSS RIVER,2,23,4,1,1,1,2,2,3,1,2,2,2,1,1,1,3,2,3,3,0,1,2,2,0,0,1
1,CROSS RIVER,1,25,3,1,1,1,2,2,3,1,1,2,2,2,2,1,3,2,0,4,0,1,2,0,0,2,0
1,CROSS RIVER,1,22,4,1,1,2,2,2,3,1,2,1,2,2,2,2,3,2,3,4,0,1,2,0,0,0,1
2,CROSS RIVER,2,24,5,1,1,2,2,2,3,1,2,2,2,2,1,3,3,2,3,4,0,1,2,0,0,0,1
1,CROSS RIVER,2,21,5,1,1,2,2,2,3,1,2,1,2,2,2,2,3,2,3,4,0,1,2,0,1,0,1
2,CROSS RIVER,1,20,5,1,1,2,2,2,3,2,2,1,2,2,2,1,3,2,0,4,0,1,2,2,0,1,0
1,CROSS RIVER,1,23,5,1,1,2,2,2,3,1,2,1,2,1,18,1,3,2,3,3,0,1,2,1,0,2,1
2,CROSS RIVER,2,25,5,1,1,1,2,2,2,1,2,1,2,2,2,3,3,1,1,4,0,2,2,2,0,2,1
2,CROSS RIVER,2,24,4,0,1,2,2,2,3,1,2,2,2,1,1,1,3,1,3,3,0,1,2,2,0,2,1
1,CROSS RIVER,1,20,5,1,1,2,2,2,2,1,2,2,2,2,2,1,3,1,1,2,0,1,1,0,1,2,2
2,CROSS RIVER,1,19,2,1,2,1,2,2,3,1,1,3,2,2,19,3,3,1,3,4,0,1,2,0,0,0,1
2,CROSS RIVER,2,24,5,1,2,2,2,2,3,1,1,4,2,1,2,1,3,1,0,3,0,1,2,0,0,1,0
1,CROSS RIVER,2,20,5,1,1,2,2,2,3,1,2,1,2,2,1,1,3,1,3,4,0,1,2,0,0,1,0
2,CROSS RIVER,1,23,4,0,1,2,2,2,3,1,2,2,2,2,2,2,3,1,1,4,0,2,2,2,0,1,1
2,CROSS RIVER,1,20,3,1,1,2,2,2,3,1,2,1,1,2,4,1,3,1,0,3,0,1,2,0,1,1,0
2,CROSS RIVER,1,22,5,0,1,2,2,2,3,1,1,1,2,1,2,2,3,1,1,3,0,1,2,1,0,2,1
1,CROSS RIVER,2,24,5,1,1,1,2,2,3,2,2,1,2,2,2,2,3,1,1,3,0,1,2,0,0,1,1
1,CROSS RIVER,1,25,9,0,1,1,2,2,3,1,2,2,2,1,2,3,3,1,2,4,1,2,2,2,0,2,1
1,CROSS RIVER,1,24,4,0,1,2,2,2,2,1,2,1,1,1,3,3,3,1,1,4,0,1,2,0,0,0,1
2,CROSS RIVER,2,25,6,1,1,2,2,2,3,1,2,1,2,2,3,1,3,1,1,3,0,2,2,0,0,2,1
1,CROSS RIVER,1,23,5,0,1,2,2,2,3,1,2,1,2,2,2,3,3,1,1,4,0,2,2,2,0,1,1
2,CROSS RIVER,1,25,9,0,2,1,2,2,2,1,2,2,2,2,2,3,3,1,1,4,0,2,2,0,0,1,1
1,CROSS RIVER,1,24,5,1,1,1,2,2,3,1,2,2,2,1,1,1,3,1,3,3,0,1,2,1,0,2,1
1,CROSS RIVER,1,25,5,1,1,1,2,2,2,1,2,2,2,2,3,1,3,1,1,3,0,1,2,0,1,2,2
2,CROSS RIVER,1,23,6,0,1,2,2,2,3,1,2,2,2,2,18,3,2,1,3,3,0,2,2,2,0,2,1
2,CROSS RIVER,2,24,3,0,2,1,2,2,3,1,1,1,2,2,3,3,3,1,0,4,0,2,2,0,1,2,1
2,CROSS RIVER,2,24,3,0,1,1,2,2,3,1,1,2,2,2,4,3,3,1,0,4,0,2,2,0,0,2,0
1,CROSS RIVER,2,25,5,1,1,2,2,2,2,1,1,1,2,2,6,1,3,1,1,4,1,1,2,0,1,2,1
1,CROSS RIVER,1,22,4,1,1,2,2,2,3,1,2,2,2,2,2,2,3,1,1,3,0,1,2,0,0,0,1
2,DELTA,1,20,4,1,2,1,2,2,3,2,2,2,2,2,1,3,3,2,0,4,0,2,2,0,0,0,0
2,DELTA,1,22,4,0,2,2,2,2,3,2,2,1,2,2,19,3,3,2,3,4,0,2,2,1,0,0,1
1,DELTA,1,23,4,0,2,2,2,2,3,1,2,2,2,2,18,3,3,2,0,4,0,2,2,0,0,2,0
1,DELTA,1,20,5,0,2,2,2,2,3,1,2,2,2,2,1,3,3,2,2,4,0,2,2,1,0,0,0
2,DELTA,1,23,4,1,2,1,2,2,3,1,2,2,2,2,2,3,3,1,3,3,0,2,2,0,0,2,0
2,DELTA,1,24,7,0,1,1,2,2,3,1,2,2,2,2,1,3,3,1,1,4,0,2,1,1,0,2,1
2,DELTA,1,23,5,0,1,1,2,2,3,1,2,2,2,2,2,3,3,1,1,2,0,2,2,0,0,2,1
2,DELTA,1,23,8,0,2,1,2,2,3,1,2,3,2,2,2,3,3,1,1,4,0,2,2,1,0,2,1
2,DELTA,1,24,6,0,1,2,2,2,3,1,2,2,2,2,3,3,3,1,1,3,0,2,2,1,2,2,2
1,DELTA,1,21,5,1,2,1,2,2,3,1,2,3,2,2,2,1,3,1,0,2,0,1,2,0,0,2,1
1,DELTA,1,20,4,0,2,1,2,2,3,1,2,3,2,2,2,3,3,1,1,4,0,2,2,0,0,1,1
2,DELTA,1,25,4,0,1,2,2,2,3,1,2,2,2,2,1,3,3,1,1,4,0,1,2,0,0,2,0
1,DELTA,1,25,5,1,1,1,2,2,3,1,1,1,2,2,4,3,3,1,1,4,0,2,2,0,1,2,2
1,DELTA,1,25,5,0,1,1,2,2,3,1,2,2,2,2,2,3,3,1,1,4,0,2,2,1,0,2,1
2,DELTA,1,24,5,0,2,1,2,2,3,1,2,1,2,2,18,3,3,1,2,2,0,2,2,0,0,0,1
2,DELTA,1,25,5,1,1,1,2,2,3,2,2,1,2,2,19,3,3,1,1,3,0,2,2,2,0,2,1
1,DELTA,1,23,5,1,2,1,2,2,3,1,2,2,1,2,18,3,3,1,1,4,0,1,2,1,0,2,1
2,EBONYI,1,25,5,0,2,2,2,2,3,1,1,2,2,1,20,3,3,2,0,4,0,2,2,0,0,2,0
2,EBONYI,1,20,5,1,2,1,2,2,2,1,1,3,2,2,1,3,3,2,0,4,0,1,2,0,0,0,0
2,EBONYI,2,25,3,1,2,2,2,2,2,1,2,3,2,2,1,1,3,2,3,3,0,1,2,0,0,0,1
2,EBONYI,1,19,5,1,2,2,2,2,3,2,2,2,2,1,1,1,3,2,3,3,0,1,2,0,0,1,0
2,EBONYI,2,21,4,0,1,2,2,2,3,2,2,2,2,2,2,2,3,2,3,4,0,1,2,1,0,2,1
2,EBONYI,1,25,5,1,1,2,2,2,2,1,2,1,2,1,2,3,3,2,3,3,0,1,2,0,0,0,1
2,EBONYI,1,23,3,0,1,1,2,2,2,1,2,2,2,2,1,3,3,2,3,4,0,1,2,2,0,0,2
2,EBONYI,1,25,4,1,1,1,2,2,2,1,2,4,2,2,1,3,3,2,3,3,0,1,2,0,0,0,1
2,EBONYI,1,25,4,1,1,1,2,2,3,1,1,1,2,2,3,2,3,2,3,3,0,1,2,1,0,2,0
2,EBONYI,1,24,4,0,2,2,2,2,3,1,2,1,2,1,1,3,3,2,0,4,0,1,2,0,0,0,0
1,EBONYI,1,23,5,0,1,1,2,2,2,1,2,2,2,2,20,3,3,2,0,4,0,1,2,2,0,2,1
2,EBONYI,1,20,5,1,1,2,1,2,3,1,1,3,2,1,2,1,3,1,1,4,0,1,2,0,0,1,1
2,EBONYI,1,25,5,0,2,1,2,2,3,1,2,2,2,2,2,3,3,1,1,4,0,1,2,0,0,2,1
1,EBONYI,1,23,4,0,2,1,2,2,3,1,2,1,2,2,3,3,3,1,1,1,0,2,2,0,0,0,0
2,EBONYI,2,22,4,1,2,1,2,2,3,1,2,3,2,2,2,2,3,1,3,4,0,2,2,0,0,1,0
1,EBONYI,2,19,5,0,1,2,2,2,3,1,2,1,2,2,3,3,3,1,3,3,0,1,2,0,0,0,0
1,EBONYI,1,19,4,0,2,1,2,2,2,1,2,1,2,2,2,3,3,1,3,3,0,2,2,2,0,0,2
2,EBONYI,1,22,5,1,1,1,2,2,3,2,2,1,2,2,3,1,3,1,1,4,0,1,2,0,0,1,0
1,EBONYI,1,25,5,0,1,2,2,2,3,1,2,4,2,2,6,3,3,1,1,3,0,1,2,0,0,1,0
2,EDO,1,18,5,1,2,1,2,2,3,1,2,2,2,2,19,3,3,2,4,4,0,2,2,0,0,2,1
2,EDO,2,25,4,1,1,1,2,2,3,1,2,1,2,2,5,2,3,2,3,3,0,1,2,1,0,0,1
1,EDO,2,18,4,0,2,2,2,2,3,1,2,2,2,2,2,3,3,2,0,4,0,2,2,2,0,0,1
2,EDO,1,25,5,0,1,1,2,2,3,1,2,2,2,2,6,3,3,1,0,4,0,2,2,0,0,2,0
2,EDO,1,19,5,0,2,2,2,2,3,1,2,2,2,2,4,3,3,1,1,3,0,2,2,2,0,2,1
2,EDO,1,24,6,0,2,1,2,2,3,1,2,3,2,2,2,3,3,1,1,4,0,2,2,2,1,2,2
1,EDO,2,23,5,1,2,2,2,2,3,1,2,1,2,2,11,1,3,1,2,2,0,1,2,1,0,2,1
2,EDO,1,25,5,0,1,2,2,2,3,2,2,3,2,2,1,3,3,1,1,4,0,2,2,2,0,2,1
1,EDO,1,21,5,0,1,1,2,2,3,1,2,2,2,2,2,3,3,1,0,4,0,2,2,1,0,2,1
1,EDO,2,24,4,0,1,2,2,2,2,1,1,3,2,2,3,3,3,1,1,4,0,1,2,0,0,2,0
2,EDO,1,22,5,0,1,2,2,2,3,1,2,1,2,2,18,3,3,1,1,1,0,2,2,2,0,2,1
1,EDO,1,21,5,0,2,1,2,2,3,2,1,1,2,2,19,3,3,1,1,1,0,2,2,2,0,1,2
2,EDO,1,23,5,0,1,2,2,2,3,1,2,2,2,2,19,3,3,1,1,4,0,2,2,1,0,2,1
2,EDO,1,22,5,1,1,1,2,2,3,1,2,2,2,2,4,3,3,1,4,4,0,2,2,1,0,2,1
2,EKITI,2,25,5,1,1,1,2,2,2,1,2,4,2,2,2,2,3,2,3,3,0,1,2,0,0,2,1
2,EKITI,2,24,5,0,1,1,2,2,3,1,2,1,2,2,20,3,3,2,2,3,0,2,1,1,0,1,1
2,EKITI,2,19,5,0,1,1,2,2,3,2,2,3,2,2,20,3,3,1,1,4,0,1,2,0,0,2,1
2,EKITI,1,20,5,1,2,1,2,2,3,2,2,2,2,2,20,3,3,1,2,4,0,1,1,2,0,1,1
2,EKITI,1,23,5,1,2,1,2,2,3,1,2,1,2,2,1,2,3,1,1,3,0,1,2,1,0,2,1
2,EKITI,1,21,5,0,1,1,2,2,3,2,2,1,2,2,20,3,3,1,2,4,0,2,2,0,0,1,1
2,EKITI,1,25,5,0,1,2,2,1,2,1,1,3,2,2,20,3,3,1,0,2,0,2,2,0,0,0,1
2,ENUGU,1,24,5,0,1,2,1,2,3,1,2,1,2,2,4,3,3,1,1,4,0,2,2,2,1,0,2
1,ENUGU,1,22,5,0,1,1,2,2,2,2,2,1,2,2,3,3,3,1,1,4,0,2,2,2,1,1,2
1,ENUGU,1,25,5,0,1,2,2,2,3,2,2,1,2,2,3,2,3,1,1,4,0,1,2,1,0,1,2
2,ENUGU,1,19,5,0,2,1,2,2,2,2,2,1,2,2,9,3,3,1,1,4,0,2,2,0,1,2,1
2,ENUGU,2,20,5,0,1,2,2,2,3,2,2,1,2,2,2,3,3,1,2,4,0,2,2,0,0,0,1
2,ENUGU,1,25,5,0,1,2,2,2,2,2,2,1,2,2,5,3,3,1,1,4,0,2,2,0,1,1,1
2,ENUGU,1,22,5,0,1,1,2,2,3,2,2,1,2,2,3,3,3,1,1,3,0,1,1,0,0,2,1
2,FCT,1,25,3,0,2,2,2,2,3,1,2,2,2,2,3,3,3,2,3,4,0,2,2,2,0,1,2
2,FCT,1,20,11,0,2,2,2,2,3,1,2,3,2,2,2,3,3,2,0,4,0,2,2,0,0,0,0
1,FCT,1,22,5,0,1,1,2,2,1,1,2,1,2,2,5,3,3,1,3,4,0,2,2,1,0,2,1
2,FCT,1,18,5,0,1,1,2,2,3,1,1,1,1,2,3,3,3,1,2,2,0,2,2,1,1,1,2
2,FCT,1,25,5,1,2,2,2,2,2,2,2,2,2,2,2,3,3,1,0,3,0,2,2,1,1,1,1
2,FCT,1,20,5,0,1,1,2,2,3,2,2,2,2,2,2,3,3,1,1,4,0,1,2,1,1,2,1
2,FCT,1,23,6,0,1,1,2,2,3,1,2,3,2,2,4,3,3,1,1,4,0,2,2,0,0,2,0
2,FCT,1,21,5,0,2,1,2,2,3,1,2,2,2,2,2,3,3,1,1,4,0,2,2,0,0,2,1
1,FCT,1,24,5,0,1,1,2,2,3,1,2,2,2,2,2,3,3,1,1,4,0,2,2,0,0,2,1
2,FCT,1,21,6,0,1,1,2,2,2,1,2,2,2,2,5,3,3,1,1,1,0,2,2,0,0,2,1
1,FCT,1,21,5,1,2,1,2,2,2,1,1,1,2,2,3,1,3,1,1,4,0,1,2,1,0,2,2
1,FCT,1,22,5,0,2,2,2,2,2,1,2,1,2,2,2,3,3,1,1,4,0,2,2,2,0,2,2
2,FCT,1,25,7,0,1,2,2,2,3,1,2,2,2,2,3,3,3,1,1,4,0,2,2,0,0,2,1
2,FCT,1,19,5,0,2,2,2,2,3,1,2,2,2,2,1,3,3,1,1,4,0,2,2,1,0,0,1
1,FCT,1,23,5,0,2,1,2,2,3,1,2,2,2,2,16,3,3,1,1,4,0,1,1,0,1,1,1
2,FCT,1,20,5,0,1,1,2,2,3,2,2,1,2,2,2,3,3,1,1,1,0,1,2,1,1,2,1
1,FCT,1,25,6,0,1,1,2,2,3,1,2,2,2,2,2,3,3,1,1,1,0,2,2,0,0,2,1
1,FCT,1,20,4,0,2,2,2,2,3,1,2,1,2,2,2,3,3,1,0,4,0,2,2,2,1,1,2
1,FCT,1,23,5,0,2,1,2,1,3,1,2,2,2,2,2,3,3,1,1,4,0,2,2,0,0,2,1
1,FCT,1,23,6,0,1,1,2,2,2,2,2,2,2,2,3,3,3,1,1,1,0,2,2,1,1,2,2
1,FCT,1,24,4,0,1,1,2,2,2,1,2,2,2,2,11,3,3,1,1,4,0,1,2,0,2,2,1
2,FCT,1,22,5,0,2,1,2,2,3,1,2,2,2,2,2,3,3,1,1,4,0,2,2,0,0,2,1
2,GOMBE,2,20,11,0,2,2,2,2,3,2,2,1,2,1,1,3,3,2,0,4,0,2,2,2,0,1,1
2,GOMBE,2,25,11,1,2,2,2,2,3,1,2,2,2,2,1,3,3,2,0,4,0,2,2,0,0,0,0
1,GOMBE,2,21,5,0,1,2,2,2,2,2,2,1,2,2,1,3,3,2,0,4,0,2,2,0,1,0,1
2,GOMBE,2,22,5,1,1,2,2,2,2,1,2,1,2,2,3,3,3,2,4,4,0,1,2,2,0,2,2
1,GOMBE,2,24,4,1,2,2,2,2,2,1,2,1,2,2,2,1,3,2,4,4,0,1,2,0,0,2,0
1,GOMBE,2,22,10,1,2,2,2,2,2,1,2,1,2,2,1,1,3,2,0,4,0,1,2,0,0,1,0
2,GOMBE,2,24,2,1,2,2,2,2,2,2,2,2,2,2,19,1,3,2,4,4,0,1,2,0,0,1,0
2,GOMBE,2,25,10,0,1,2,2,2,2,1,2,1,1,2,1,3,3,2,4,4,0,2,2,2,0,0,2
1,GOMBE,2,25,4,1,1,2,2,2,2,1,2,3,2,2,3,1,3,2,0,4,0,1,2,0,0,0,0
2,GOMBE,1,18,1,0,1,2,2,2,2,2,2,1,1,2,1,3,3,2,0,4,0,2,2,2,0,0,2
2,GOMBE,2,20,3,0,2,1,2,2,2,1,2,2,1,2,2,1,3,2,4,4,0,2,2,2,0,0,2
2,GOMBE,2,18,11,1,2,2,2,2,2,1,1,4,2,2,1,3,3,2,0,4,0,2,2,0,0,0,1
1,GOMBE,1,18,4,1,1,2,2,2,3,1,2,2,2,2,2,3,3,2,0,4,0,2,2,0,0,0,0
1,GOMBE,1,25,10,1,2,2,2,1,1,1,2,3,2,2,2,1,3,2,4,4,0,1,2,1,0,2,1
1,GOMBE,2,25,11,1,1,2,2,2,2,1,1,2,2,2,19,1,3,2,4,4,0,1,2,0,0,0,0
2,GOMBE,1,25,11,0,1,1,2,2,3,1,2,2,2,2,2,3,3,2,0,4,0,2,2,0,0,0,0
2,GOMBE,2,25,4,0,2,1,2,2,2,1,2,1,2,2,2,2,3,2,0,4,0,1,2,0,0,0,0
2,GOMBE,2,24,11,1,2,2,2,2,2,2,2,1,2,2,2,3,3,2,4,4,0,1,2,0,0,0,0
1,GOMBE,2,20,5,1,1,1,2,2,2,1,2,1,2,2,4,1,3,2,0,4,0,1,2,1,0,0,0
1,GOMBE,2,24,5,1,2,1,2,2,2,1,2,1,2,1,1,2,3,2,4,4,0,1,2,0,0,2,1
2,GOMBE,2,20,11,1,2,1,2,1,3,1,2,2,2,2,3,3,3,2,0,4,0,2,2,0,0,0,1
1,GOMBE,2,22,11,1,1,2,2,2,1,1,2,1,2,2,5,1,1,2,4,4,0,1,2,2,1,0,2
2,GOMBE,2,20,1,1,2,1,2,2,2,1,1,1,2,2,2,1,3,2,3,3,0,1,2,0,0,0,0
2,GOMBE,1,20,2,0,2,2,2,2,2,1,2,1,1,1,1,1,3,2,4,4,0,1,2,1,0,2,1
2,GOMBE,2,25,11,1,1,2,2,2,3,1,2,2,2,2,2,3,3,2,3,4,0,1,2,1,0,0,1
2,GOMBE,1,20,11,0,2,2,2,2,3,1,1,2,2,2,1,3,3,2,0,3,0,1,2,0,0,1,0
2,GOMBE,2,23,5,1,1,1,2,2,2,1,2,2,2,2,1,1,3,2,3,4,0,1,2,1,0,1,1
2,GOMBE,2,18,11,1,2,2,2,2,3,1,2,2,2,2,1,3,3,2,3,4,0,2,2,0,0,0,0
2,GOMBE,1,20,11,0,1,2,2,2,2,1,1,3,2,2,1,1,3,2,3,3,0,1,2,2,0,0,1
1,GOMBE,2,25,10,1,2,2,2,2,2,1,2,2,2,2,1,1,3,2,0,4,0,1,2,0,0,2,0
2,GOMBE,2,22,10,1,2,1,2,2,2,1,2,3,2,2,1,1,3,2,3,4,0,1,2,0,0,1,1
2,GOMBE,2,25,4,1,1,2,2,2,3,1,2,2,2,2,1,3,3,2,3,4,0,2,2,1,0,0,1
1,GOMBE,2,19,3,1,1,2,2,2,2,1,2,4,2,2,3,1,3,2,3,3,0,1,2,0,0,1,0
1,GOMBE,2,18,3,1,2,1,2,2,2,1,2,1,2,2,1,2,3,2,3,4,0,1,2,0,0,1,0
1,GOMBE,2,25,4,1,1,2,2,2,2,1,2,1,2,2,4,1,3,2,3,4,0,1,2,2,0,1,1
1,GOMBE,2,22,3,0,2,1,2,2,2,1,2,1,2,2,2,3,3,2,4,4,0,1,2,0,0,2,1
1,GOMBE,2,25,11,1,1,2,2,2,2,1,1,2,1,2,5,3,3,2,3,3,0,1,2,2,0,0,2
1,GOMBE,2,21,10,1,1,2,2,2,2,1,2,1,2,2,2,1,3,2,3,4,0,1,2,1,0,2,1
2,GOMBE,1,18,10,0,2,2,2,2,3,1,1,1,2,2,1,3,3,2,2,4,0,1,1,1,0,2,1
2,GOMBE,1,22,5,1,2,2,2,2,2,1,2,1,2,2,2,3,3,2,0,4,0,1,2,0,0,2,0
2,GOMBE,2,25,5,0,1,1,2,2,2,1,1,1,2,2,1,1,3,2,2,4,0,1,1,2,1,2,2
1,GOMBE,2,23,5,1,1,1,2,2,1,1,2,1,2,2,3,3,3,2,0,4,0,1,2,0,0,0,1
2,GOMBE,2,23,5,1,2,1,2,2,2,1,2,1,2,2,1,1,3,1,0,4,0,1,2,0,0,2,1
2,GOMBE,1,25,4,1,1,1,2,2,2,1,2,1,2,2,1,1,3,1,3,4,0,1,2,0,0,0,0
2,GOMBE,2,25,11,1,1,2,2,2,2,1,2,1,2,2,3,2,3,1,0,4,0,1,2,0,0,0,0
2,GOMBE,2,25,3,0,1,2,2,2,2,1,2,2,2,2,2,3,3,1,0,4,0,1,2,2,0,0,1
1,GOMBE,2,24,5,1,1,2,2,2,2,1,1,3,1,2,2,3,3,1,0,4,0,2,2,2,0,2,2
2,GOMBE,1,23,5,0,1,1,2,2,1,2,2,1,2,2,1,3,3,1,1,2,0,1,1,0,0,2,1
1,GOMBE,2,25,4,1,1,2,2,2,2,1,2,1,2,2,3,1,3,1,1,3,0,1,2,2,0,2,1
1,GOMBE,1,25,5,0,1,1,2,2,2,1,2,2,2,2,1,3,3,1,1,4,0,1,2,0,0,2,0
1,GOMBE,1,20,5,0,1,2,2,1,2,1,2,2,1,2,4,1,3,1,1,4,0,1,2,2,0,2,2
2,GOMBE,2,23,4,1,1,1,2,2,2,1,2,1,2,2,1,1,3,1,0,4,0,1,2,0,0,0,0
2,GOMBE,1,18,5,0,1,2,2,2,2,1,2,1,1,2,1,3,3,1,1,4,0,2,2,2,0,2,2
2,GOMBE,2,25,11,1,1,1,2,2,3,2,2,1,2,2,1,3,3,1,3,4,0,2,2,0,1,0,1
1,GOMBE,2,24,5,0,1,2,2,2,2,1,1,1,2,2,7,1,3,1,1,4,0,1,2,0,0,2,1
2,GOMBE,2,21,1,1,1,2,2,2,2,2,1,1,2,2,2,2,1,1,1,4,0,1,1,0,0,2,1
2,GOMBE,2,18,4,1,2,1,2,2,3,1,2,2,2,2,1,3,3,1,4,4,0,2,2,0,0,1,0
1,GOMBE,1,19,11,0,2,1,2,2,3,1,2,2,2,2,2,3,3,1,0,4,0,2,2,0,0,0,0
1,GOMBE,2,22,5,1,1,2,2,2,2,1,2,2,2,2,2,1,3,1,1,4,0,1,2,0,1,1,1
1,GOMBE,2,23,2,1,2,1,2,2,3,1,2,2,2,2,2,1,3,1,0,4,0,2,2,2,0,0,1
1,GOMBE,1,18,4,0,2,1,2,2,3,1,1,1,2,2,2,3,3,1,0,4,0,1,2,0,1,0,0
2,GOMBE,1,25,4,0,1,2,2,2,2,1,1,1,2,2,1,1,3,1,1,4,0,1,1,0,0,1,1
1,GOMBE,2,21,7,0,1,2,2,2,3,1,2,2,2,2,1,3,3,1,1,4,0,2,2,1,0,2,1
2,GOMBE,2,18,4,1,2,1,2,2,2,1,2,1,2,2,1,1,3,1,4,4,0,1,2,0,0,2,0
1,GOMBE,2,24,5,0,1,1,2,2,2,1,2,1,2,2,2,1,3,1,1,4,0,1,2,1,1,2,1
2,GOMBE,2,20,5,0,2,2,2,2,3,1,1,2,2,2,1,3,3,1,3,3,0,2,2,0,0,2,0
1,IMO,1,25,3,1,2,2,2,2,1,1,1,1,2,2,3,1,3,2,4,4,0,1,2,0,0,0,0
2,IMO,1,25,5,0,1,1,2,2,2,1,2,1,2,2,1,3,3,2,0,4,0,2,2,1,1,2,1
1,IMO,1,25,5,0,1,2,2,2,2,1,2,1,2,2,18,3,3,2,4,4,0,2,2,0,0,1,1
1,IMO,1,19,5,1,1,1,2,2,3,1,2,2,2,2,4,2,3,1,1,4,0,1,2,1,0,2,1
1,IMO,1,25,4,1,1,1,2,2,1,2,1,1,2,2,2,1,3,1,1,3,0,1,2,0,0,1,1
1,IMO,1,25,5,0,1,1,2,2,3,1,2,2,2,2,18,3,1,1,1,4,0,2,2,0,0,2,1
1,IMO,1,25,5,0,1,1,2,2,3,1,2,1,2,2,2,3,3,1,1,4,0,2,2,0,0,2,1
1,IMO,1,20,4,0,2,2,2,2,3,1,2,1,2,2,2,3,3,1,1,4,0,2,2,0,0,2,1
2,IMO,1,22,4,1,1,1,2,2,2,1,2,2,2,2,20,3,3,1,1,4,0,2,2,0,0,1,0
2,IMO,1,22,5,0,1,2,2,2,3,2,1,1,2,2,18,3,3,1,1,3,0,2,2,1,2,1,1
2,JIGAWA,2,20,11,0,2,1,2,2,3,1,2,2,2,2,3,3,3,2,4,4,0,2,2,0,0,2,0
2,JIGAWA,2,25,11,1,1,2,2,2,3,1,2,2,2,2,3,1,3,2,0,4,0,1,2,0,1,0,1
2,JIGAWA,2,21,5,0,2,1,2,2,2,1,2,1,2,2,1,3,3,2,4,4,0,1,2,1,0,0,1
2,JIGAWA,2,25,11,0,1,2,2,2,2,1,2,1,2,2,2,3,3,2,0,4,0,2,2,0,0,0,0
1,JIGAWA,2,25,10,1,2,2,2,2,2,1,2,2,2,2,2,2,3,2,4,4,0,1,2,1,0,2,1
1,JIGAWA,2,25,3,1,1,2,2,2,3,2,1,2,2,2,17,2,1,2,0,4,0,2,2,0,0,0,0
1,JIGAWA,2,20,10,1,1,2,2,2,2,1,1,2,2,2,1,1,3,2,4,4,0,1,2,0,0,1,1
2,JIGAWA,2,25,11,0,1,2,2,2,2,1,2,2,2,2,3,1,3,2,0,4,0,1,2,1,0,0,1
2,JIGAWA,2,25,5,1,1,2,2,2,3,2,1,2,2,2,1,3,3,2,0,4,0,2,2,0,0,0,0
2,JIGAWA,2,25,11,0,1,2,2,2,3,1,2,2,2,2,2,3,3,2,0,4,0,2,2,0,0,0,0
2,JIGAWA,2,23,5,0,1,1,2,2,2,1,2,1,2,2,1,3,3,2,0,4,0,1,2,0,0,0,0
1,JIGAWA,2,20,2,1,2,2,2,2,3,1,1,1,2,2,1,2,3,2,0,4,0,2,2,2,0,2,1
2,JIGAWA,2,25,5,1,1,2,2,2,2,1,1,2,2,2,2,3,3,2,4,4,0,1,2,0,0,0,1
2,JIGAWA,2,25,10,0,2,2,2,2,3,2,1,2,2,2,19,3,3,2,0,4,0,2,2,0,0,0,0
2,JIGAWA,2,25,11,1,1,2,2,2,2,1,1,2,2,2,1,3,3,2,0,4,0,1,2,1,0,0,1
2,JIGAWA,2,22,10,0,1,2,2,2,2,1,1,1,2,2,1,1,3,2,0,4,0,1,2,0,0,0,0
2,JIGAWA,2,20,11,0,2,2,2,2,1,1,2,2,2,1,1,2,3,2,0,4,0,1,2,0,0,2,0
2,JIGAWA,2,23,10,0,2,2,2,2,1,2,1,3,2,2,1,3,3,2,4,4,0,1,2,2,0,2,2
2,JIGAWA,2,20,2,0,1,1,2,2,2,1,1,2,2,2,1,3,3,2,4,4,0,1,2,0,0,0,1
1,JIGAWA,2,25,11,1,2,2,2,2,3,1,2,2,2,2,2,1,3,2,0,4,0,2,2,0,0,0,0
2,JIGAWA,2,25,10,0,1,2,2,2,2,1,2,2,2,2,2,2,3,2,4,4,0,1,2,0,0,1,0
2,JIGAWA,1,25,4,0,2,2,2,2,3,1,2,2,2,2,3,3,3,2,0,4,0,1,2,0,0,0,0
2,JIGAWA,2,20,11,0,2,1,2,2,3,2,2,1,2,2,1,3,3,2,4,4,0,2,2,0,0,0,1
2,JIGAWA,2,25,10,0,1,1,2,2,3,2,1,2,2,2,3,3,3,2,0,4,0,2,2,0,1,0,1
1,JIGAWA,2,25,3,1,2,1,2,2,3,2,1,2,2,2,2,1,3,2,0,4,0,1,2,0,0,0,0
2,JIGAWA,2,22,5,1,2,2,2,2,3,1,2,1,2,2,1,3,3,2,0,4,0,2,2,0,0,0,0
1,JIGAWA,2,25,3,0,1,2,2,2,2,1,2,1,2,2,3,1,3,2,4,4,0,1,2,1,0,0,1
1,JIGAWA,2,23,11,0,2,2,2,2,2,1,1,2,2,2,18,1,3,2,0,4,0,1,2,0,0,1,1
1,JIGAWA,2,22,3,1,1,2,2,2,3,1,2,1,2,2,1,1,3,2,2,4,0,1,1,0,0,0,1
2,JIGAWA,2,25,2,1,1,1,2,2,3,1,2,1,2,2,2,3,3,2,2,3,1,1,1,2,0,1,1
1,JIGAWA,1,20,3,1,1,1,2,2,2,1,1,2,2,2,1,1,3,2,0,4,1,1,2,0,0,2,1
1,JIGAWA,2,25,11,1,2,1,2,2,3,2,2,2,2,2,1,1,3,2,0,4,0,1,2,0,0,2,0
2,JIGAWA,2,20,5,1,2,1,2,2,3,1,2,2,2,2,1,3,3,2,4,4,0,2,2,1,0,0,1
2,JIGAWA,2,21,2,0,1,1,2,2,2,1,1,2,2,1,1,3,3,2,4,4,0,1,2,0,0,1,0
1,JIGAWA,2,25,11,1,1,1,1,2,3,1,2,2,2,2,2,3,3,2,0,4,0,2,2,0,0,2,0
2,JIGAWA,2,20,10,1,2,2,2,2,3,1,2,2,2,2,1,3,3,2,4,4,0,1,2,1,1,2,2
2,JIGAWA,2,25,10,0,1,2,2,2,2,2,1,2,2,2,1,3,3,2,4,4,0,1,2,2,0,2,2
2,JIGAWA,2,25,11,0,2,1,2,2,3,1,1,2,2,2,2,3,3,2,0,4,0,2,2,2,0,2,1
2,JIGAWA,2,20,4,0,2,2,2,2,1,1,2,1,2,2,2,3,3,2,4,4,0,2,2,0,0,2,1
1,JIGAWA,2,22,2,1,2,2,2,2,2,2,1,1,2,2,1,2,2,2,4,4,0,1,2,2,0,1,2
2,JIGAWA,2,24,10,1,1,1,2,2,2,1,1,4,2,2,1,2,3,2,4,4,0,1,2,0,0,2,1
1,JIGAWA,2,24,3,1,2,2,2,2,3,1,2,2,2,2,2,3,3,2,0,4,0,2,2,0,0,2,0
2,JIGAWA,2,25,11,0,2,2,2,2,3,1,1,2,2,2,1,3,3,1,0,4,0,2,2,0,0,0,0
2,JIGAWA,2,25,10,0,1,1,2,2,1,1,2,1,2,1,2,3,3,1,3,4,0,2,2,1,0,2,1
2,JIGAWA,2,25,11,0,1,2,2,2,3,1,2,2,2,2,3,3,3,1,0,4,0,2,2,0,0,0,0
2,JIGAWA,2,18,4,1,1,2,2,2,3,1,1,2,2,2,1,3,3,1,1,4,1,2,2,0,0,1,1
1,JIGAWA,1,25,5,0,2,1,2,2,1,1,2,1,2,2,1,3,3,1,4,4,0,1,2,1,0,2,2
2,JIGAWA,2,23,10,0,1,2,2,2,3,1,2,1,2,1,2,3,3,1,4,4,0,2,2,0,0,1,0
2,JIGAWA,2,22,3,1,1,1,2,2,3,1,2,2,2,1,2,3,3,1,0,4,0,1,2,0,0,0,0
1,JIGAWA,2,25,10,1,1,2,2,2,2,1,1,2,2,2,3,1,3,1,1,4,0,1,2,0,0,2,0
2,JIGAWA,2,25,3,1,1,2,2,2,3,1,2,2,2,2,5,3,3,1,0,4,0,2,2,0,0,1,0
1,JIGAWA,2,23,10,1,1,1,2,2,1,1,2,3,2,1,4,1,3,1,4,4,0,1,2,0,0,2,1
2,JIGAWA,1,20,5,0,1,2,2,2,3,1,2,2,2,2,3,3,3,1,0,4,0,2,2,0,0,0,0
1,JIGAWA,1,18,4,1,1,1,2,2,3,1,2,2,1,2,20,1,3,1,1,4,1,2,2,2,0,1,2
1,JIGAWA,1,22,3,0,1,2,2,2,2,1,1,2,2,2,6,1,3,1,2,4,0,1,2,0,1,1,1
2,JIGAWA,2,20,10,1,2,2,2,2,2,1,1,2,2,2,1,3,3,1,0,4,0,1,2,0,0,2,1
1,JIGAWA,2,20,6,0,1,2,2,2,2,1,2,1,2,1,6,3,3,1,3,4,0,1,2,1,1,2,1
2,JIGAWA,1,25,7,0,1,1,2,2,3,1,2,2,2,2,2,3,3,1,2,4,0,2,1,0,0,2,0
2,JIGAWA,2,18,3,1,2,1,2,2,1,1,2,1,2,1,5,3,3,1,3,4,0,1,2,1,1,2,2
2,JIGAWA,2,23,10,1,2,2,2,2,3,1,2,2,2,2,2,3,3,1,4,4,0,2,2,0,0,0,1
1,JIGAWA,2,25,3,1,1,2,2,2,3,1,1,2,2,2,2,1,3,1,1,4,0,1,2,1,0,0,1
1,JIGAWA,2,25,10,1,1,1,2,2,1,1,2,1,2,2,3,1,3,1,4,4,0,1,2,2,1,0,2
1,JIGAWA,1,24,6,0,1,2,2,2,2,1,1,2,2,2,4,1,3,1,1,4,0,1,2,0,0,2,0
1,JIGAWA,2,22,5,1,1,1,2,2,3,1,2,2,2,2,11,1,3,1,0,4,0,1,2,0,0,1,1
1,KADUNA,2,20,10,0,2,2,2,2,3,1,1,2,2,2,3,3,3,2,0,4,0,2,2,0,0,0,0
2,KADUNA,2,19,4,0,2,2,2,2,3,1,1,2,2,2,2,3,3,2,0,4,0,2,2,2,0,0,0
2,KADUNA,2,25,10,0,2,2,2,2,3,1,2,4,2,2,3,2,3,2,0,4,0,1,2,0,0,0,0
2,KADUNA,2,25,11,1,2,2,2,2,3,2,2,1,2,2,20,3,3,2,0,4,0,2,2,0,0,0,0
2,KADUNA,2,25,2,0,2,2,2,2,3,1,1,1,2,2,1,2,2,2,4,4,0,1,2,2,0,0,1
2,KADUNA,2,20,5,0,2,2,2,2,2,1,1,1,2,2,2,2,3,2,0,4,0,2,2,2,0,0,1
2,KADUNA,1,20,10,0,1,1,2,2,3,1,2,1,2,2,1,3,3,2,0,4,0,1,2,1,0,0,1
2,KADUNA,2,20,10,1,2,2,2,2,3,1,2,2,2,2,1,3,3,2,0,4,0,1,2,0,0,0,0
1,KADUNA,2,24,3,1,1,2,2,2,3,1,2,2,2,2,1,1,3,2,0,4,0,1,2,0,0,0,0
1,KADUNA,1,18,4,0,1,2,2,2,3,1,2,2,2,2,2,3,3,2,0,4,0,2,2,0,0,0,0
2,KADUNA,2,20,10,0,1,2,2,2,2,1,1,2,2,2,1,2,3,2,4,4,0,1,2,2,0,0,1
2,KADUNA,2,22,5,1,2,2,2,2,3,1,2,2,2,2,1,1,3,2,0,4,0,1,2,0,0,0,0
2,KADUNA,1,25,3,1,1,1,2,2,1,2,1,1,2,2,18,1,3,2,3,4,0,1,2,1,0,1,1
2,KADUNA,1,25,4,0,1,2,2,2,3,1,1,2,2,2,20,3,3,2,0,4,0,2,2,0,0,0,0
1,KADUNA,2,18,4,1,2,2,2,2,3,1,2,1,2,1,19,3,3,2,0,4,0,2,2,0,0,0,0
2,KADUNA,1,20,3,0,2,2,2,2,2,1,2,2,2,1,5,2,3,2,0,4,0,2,2,0,0,0,0
2,KADUNA,1,25,10,0,1,2,2,2,3,1,2,3,2,2,19,3,3,2,0,4,0,2,2,0,0,0,0
2,KADUNA,2,25,5,1,2,1,2,2,3,1,2,1,2,1,18,1,3,2,3,4,0,1,2,0,0,0,0
2,KADUNA,2,20,6,0,1,1,2,2,3,1,2,1,2,2,2,3,3,2,0,4,0,2,2,1,0,2,2
1,KADUNA,2,20,5,0,2,2,2,2,2,1,2,1,2,2,3,1,3,2,2,4,0,1,1,0,0,0,0
2,KADUNA,2,20,3,1,2,1,2,2,3,1,2,1,2,2,18,2,3,2,0,4,0,1,2,0,0,1,0
1,KADUNA,2,25,10,0,1,2,2,2,3,2,2,1,2,2,8,1,3,2,4,4,0,1,2,0,1,0,1
2,KADUNA,1,21,5,0,1,1,2,2,3,2,2,1,2,2,1,3,3,2,0,4,0,2,2,0,0,0,0
2,KADUNA,1,25,7,0,1,2,2,2,3,1,2,1,2,2,20,3,3,2,0,4,0,2,2,0,0,1,0
2,KADUNA,2,20,5,0,2,1,2,2,3,2,2,1,2,2,1,3,3,2,3,3,0,1,2,0,0,0,1
2,KADUNA,2,24,5,1,2,2,2,2,3,2,2,2,2,2,2,3,3,2,0,4,0,1,2,0,0,0,0
1,KADUNA,1,22,5,0,1,1,2,2,2,1,2,2,2,2,2,3,3,1,1,4,0,1,1,2,1,2,2
1,KADUNA,1,23,6,1,2,1,2,2,2,1,1,2,1,1,3,3,3,1,1,4,0,1,1,0,0,2,1
1,KADUNA,2,25,5,1,1,2,2,2,2,1,1,1,2,2,2,1,3,1,4,4,0,1,2,0,0,2,1
2,KADUNA,2,23,4,0,2,2,2,2,3,1,1,2,2,2,2,2,3,1,0,4,0,1,2,0,0,0,0
1,KADUNA,2,25,5,0,1,2,2,2,2,1,1,2,2,2,2,3,3,1,1,4,0,1,2,2,2,2,2
2,KADUNA,2,21,4,1,2,2,2,2,2,2,2,1,1,1,1,1,3,1,3,4,0,1,2,0,1,2,2
1,KADUNA,1,22,5,0,2,2,2,2,2,1,1,2,2,2,1,2,3,1,1,4,0,1,2,2,0,1,1
1,KADUNA,1,22,5,0,1,2,2,2,3,2,2,4,2,2,2,3,3,1,1,3,0,2,2,2,0,2,1
1,KADUNA,2,22,5,1,1,1,2,2,1,2,2,2,2,1,18,3,3,1,1,4,0,1,2,2,0,2,2
1,KADUNA,2,25,5,1,1,2,2,2,1,1,2,1,2,2,3,1,1,1,1,4,0,1,2,1,0,2,2
1,KADUNA,1,25,4,0,2,1,2,2,3,1,2,2,1,2,2,3,3,1,4,4,0,2,2,0,0,2,0
2,KADUNA,2,19,5,1,2,2,2,2,1,1,2,1,2,1,19,1,3,1,0,4,0,1,1,2,0,0,1
1,KADUNA,2,18,5,0,2,2,2,2,3,1,2,1,2,1,19,1,3,1,0,4,0,1,2,0,0,2,1
2,KADUNA,1,25,5,0,1,2,2,2,3,1,2,2,2,2,1,3,3,1,3,4,0,2,2,0,0,0,0
1,KADUNA,1,18,4,0,1,1,2,2,3,1,2,2,2,2,2,3,3,1,0,4,0,2,2,0,0,0,1
1,KADUNA,1,20,5,0,2,1,2,2,1,1,2,1,2,2,19,3,2,1,1,1,0,2,1,1,0,2,1
2,KADUNA,2,25,11,1,1,1,2,2,2,1,2,2,2,1,2,2,3,1,4,4,0,1,2,2,0,0,1
2,KADUNA,1,25,6,0,2,2,2,2,3,1,2,1,2,2,3,3,3,1,1,4,1,2,2,2,0,1,2
2,KADUNA,2,21,5,0,2,2,1,1,2,1,1,1,2,2,1,2,3,1,1,4,0,2,2,1,0,2,1
2,KADUNA,1,24,6,0,1,2,2,2,2,1,1,3,2,2,2,3,3,1,0,4,0,2,2,1,0,2,1
1,KADUNA,1,20,6,0,1,1,2,2,3,1,2,2,2,1,6,1,3,1,1,4,0,1,1,0,2,2,1
1,KADUNA,2,19,4,1,2,2,2,2,1,1,2,1,2,1,19,1,3,1,0,4,0,1,2,0,0,0,1
2,KANO,2,25,10,1,2,2,2,2,3,1,2,2,2,2,1,3,3,2,0,4,0,2,2,0,0,2,0
1,KANO,2,20,11,1,2,2,2,2,2,1,2,1,2,2,1,3,3,2,0,4,0,1,2,2,0,0,1
2,KANO,2,25,3,0,2,2,2,2,3,1,2,1,2,2,1,3,3,2,0,4,0,1,2,1,0,0,0
1,KANO,2,23,10,1,1,2,2,2,3,1,2,1,2,2,2,1,3,2,0,4,0,1,2,0,0,2,0
2,KANO,2,20,4,0,2,2,2,2,3,1,2,1,2,2,2,3,3,2,4,4,0,2,2,0,0,0,0
1,KANO,2,20,5,1,1,2,2,2,3,1,2,1,2,2,3,3,3,2,4,4,0,2,2,1,0,2,1
2,KANO,2,20,10,0,2,2,2,2,3,1,2,3,2,2,1,3,3,2,0,4,0,1,2,0,0,0,0
2,KANO,2,25,4,0,1,2,2,2,2,1,2,2,2,2,3,2,3,2,3,4,0,1,2,1,1,1,1
2,KANO,2,22,2,0,1,2,2,2,2,2,1,1,2,2,2,2,3,2,0,3,0,1,2,1,0,0,1
1,KANO,2,25,11,1,2,1,2,2,2,1,2,2,2,2,3,1,3,2,0,4,0,1,2,0,0,2,1
1,KANO,1,18,5,1,1,1,2,2,2,1,2,1,2,2,2,3,3,2,3,4,0,1,2,0,1,2,1
1,KANO,1,23,5,0,1,1,2,2,3,1,2,1,2,2,2,3,3,1,0,3,0,1,2,0,0,2,0
2,KANO,1,24,5,0,1,2,2,2,3,1,1,1,2,2,1,3,3,1,0,4,0,2,2,0,0,2,1
2,KANO,1,22,4,0,2,1,2,2,3,2,1,2,2,2,8,3,3,1,4,4,0,1,2,1,0,2,1
1,KANO,1,22,5,0,1,1,2,2,3,1,2,2,2,2,6,3,3,1,1,4,0,2,2,2,0,2,1
1,KANO,2,25,3,1,1,2,2,2,3,2,1,1,2,2,3,1,3,1,4,4,0,1,2,2,0,0,1
1,KANO,2,25,3,1,1,2,2,2,2,1,2,1,2,2,3,1,3,1,1,4,0,1,2,1,0,0,2
2,KANO,1,22,5,0,1,2,2,2,3,1,2,2,2,2,2,3,3,1,1,4,0,1,2,0,0,2,1
1,KANO,2,22,5,1,1,2,2,2,2,1,2,2,2,1,4,1,1,1,1,4,0,1,2,1,0,2,1
1,KANO,2,18,3,0,1,1,2,2,2,2,1,1,2,2,1,3,3,1,0,4,0,2,2,2,0,0,1
2,KANO,1,18,4,0,2,1,2,2,3,1,2,1,2,2,2,3,3,1,0,4,0,2,2,0,0,0,1
2,KATSINA,2,18,4,0,1,2,2,2,1,1,2,1,2,2,1,3,3,2,0,4,0,1,2,2,0,2,2
1,KATSINA,2,20,10,0,2,2,2,2,2,1,2,2,2,1,19,2,3,2,4,4,0,1,2,0,1,1,1
1,KATSINA,1,23,5,0,1,2,2,2,3,2,2,1,2,2,2,3,3,2,0,4,0,2,2,1,0,1,1
1,KATSINA,2,25,10,0,2,1,2,2,3,1,2,2,2,2,2,1,3,2,0,4,0,1,2,0,0,0,0
1,KATSINA,2,25,5,1,1,1,2,2,2,1,2,1,2,2,2,3,3,2,4,4,0,1,2,0,0,2,1
2,KATSINA,2,24,5,0,1,1,2,2,3,1,2,1,2,2,19,3,3,2,0,4,0,1,2,0,0,2,0
2,KATSINA,2,22,2,0,2,2,2,2,2,1,1,1,2,1,1,3,3,2,4,4,0,1,2,0,0,1,1
2,KATSINA,2,22,3,0,1,2,2,2,3,1,2,1,2,2,1,3,3,2,0,4,0,1,2,0,0,2,0
2,KATSINA,2,20,10,0,1,2,2,2,1,1,1,1,2,2,1,3,3,2,4,4,0,1,2,0,0,2,1
1,KATSINA,2,18,3,1,2,2,2,2,1,2,2,1,2,2,1,3,3,2,0,4,0,1,2,1,0,2,2
2,KATSINA,2,20,4,1,1,2,2,2,2,1,2,1,2,2,2,1,3,2,0,4,0,1,2,0,0,2,1
2,KATSINA,1,25,10,0,2,1,2,2,1,1,1,2,2,2,1,3,3,2,0,4,0,1,2,2,0,2,1
2,KATSINA,2,25,5,0,1,1,2,2,3,1,2,1,2,2,20,3,3,2,0,4,0,1,2,0,0,2,0
2,KATSINA,2,25,10,0,1,2,2,2,2,1,2,1,2,2,2,1,3,2,0,4,0,1,2,0,0,2,0
2,KATSINA,2,18,1,0,2,1,2,2,1,1,1,3,2,2,1,3,3,2,0,4,0,1,2,1,0,1,2
1,KATSINA,1,19,5,0,1,1,2,2,2,1,2,1,2,2,2,3,3,2,0,4,0,1,2,0,0,2,0
1,KATSINA,1,25,10,0,1,1,2,2,2,1,2,1,2,1,3,3,3,2,0,4,0,1,2,1,0,2,1
1,KATSINA,2,25,10,1,1,2,2,2,2,1,2,3,2,2,4,3,3,2,4,3,0,1,2,1,0,2,1
1,KATSINA,2,20,5,0,1,2,2,2,2,2,2,1,2,2,3,3,3,2,2,4,0,1,1,2,0,0,1
2,KATSINA,2,24,3,0,1,2,2,2,2,1,2,2,2,2,1,3,3,2,3,3,0,2,2,1,0,1,0
1,KATSINA,2,22,5,1,1,2,2,2,2,1,2,1,2,2,6,1,3,2,4,4,0,1,2,1,0,2,1
2,KATSINA,2,25,10,0,2,2,2,2,2,2,2,2,2,2,1,3,3,2,2,4,0,1,1,0,0,2,1
2,KATSINA,1,22,5,0,1,2,2,2,1,1,1,3,2,2,1,3,3,1,1,4,0,1,2,0,0,2,1
1,KATSINA,2,25,6,0,1,2,2,2,2,2,2,2,2,2,2,2,3,1,4,3,0,2,2,0,1,2,2
1,KATSINA,1,22,3,0,2,2,2,2,1,1,1,2,2,2,5,1,3,1,1,4,0,1,2,2,1,2,2
2,KATSINA,2,23,5,0,1,2,2,2,2,1,2,1,2,2,2,3,3,1,0,4,0,1,2,1,0,2,1
1,KATSINA,2,18,5,1,1,2,2,2,1,1,1,2,2,2,3,1,3,1,2,4,0,1,1,1,0,2,1
1,KATSINA,1,25,3,0,1,1,2,2,2,1,2,3,1,1,1,3,3,1,3,4,0,2,2,0,1,0,1
1,KATSINA,1,25,6,1,1,2,1,2,2,1,2,1,2,2,4,1,3,1,1,4,0,1,2,1,0,2,2
2,KATSINA,2,20,3,0,1,2,2,2,2,1,2,2,2,2,1,3,3,1,4,4,0,2,2,0,0,1,1
1,KATSINA,1,22,7,0,1,2,2,1,1,1,2,1,1,2,4,1,2,1,1,1,1,1,1,0,0,1,2
1,KATSINA,1,25,10,0,2,1,2,2,3,1,1,2,2,2,1,1,3,1,4,4,0,1,2,1,0,0,1
2,KATSINA,1,18,5,0,1,1,2,2,2,1,1,1,2,2,1,3,3,1,4,4,0,1,2,0,0,2,2
2,KATSINA,1,20,7,0,1,1,1,1,2,2,2,1,2,2,3,1,3,1,1,2,1,1,1,0,2,2,1
1,KEBBI,2,20,11,1,2,2,2,2,1,1,2,2,2,2,1,3,3,2,0,4,0,1,2,0,0,2,1
2,KEBBI,2,20,11,0,2,1,2,2,3,2,1,1,2,2,1,3,3,2,0,4,0,2,2,0,0,1,1
2,KEBBI,2,24,11,1,2,2,2,2,2,1,1,3,2,2,1,2,1,2,0,4,0,1,2,0,0,2,0
1,KEBBI,2,25,11,1,1,2,2,2,2,2,2,3,2,2,1,1,3,2,0,4,0,1,2,2,0,2,1
2,KEBBI,1,19,10,0,1,2,2,2,3,1,2,2,2,2,19,3,3,2,0,4,0,2,2,0,0,0,0
1,KEBBI,2,19,11,1,1,2,2,2,1,1,1,1,2,2,3,1,3,2,0,4,0,1,2,0,0,2,1
1,KEBBI,2,18,10,0,1,2,2,2,2,1,2,3,2,2,1,3,1,2,0,4,0,1,2,0,1,1,1
2,KEBBI,1,21,11,0,1,2,2,2,2,1,2,3,2,2,1,1,3,1,4,4,0,1,2,2,0,2,1
2,KEBBI,2,24,11,0,2,2,2,2,1,1,2,2,2,2,1,3,3,1,4,4,0,2,2,0,0,0,1
2,KEBBI,1,18,5,0,1,1,2,2,2,1,1,1,2,2,19,3,3,1,1,3,0,1,2,0,0,1,0
1,KEBBI,2,25,5,0,1,2,2,2,1,1,1,3,2,2,1,1,1,1,2,3,1,1,2,2,0,2,1
2,KEBBI,2,20,3,1,1,1,2,2,1,1,2,2,2,2,1,2,3,1,4,4,0,1,2,2,0,0,1
2,KEBBI,2,20,2,0,2,2,2,2,2,1,2,1,2,1,1,3,3,1,0,4,0,1,2,0,0,1,1
2,KOGI,1,20,3,0,2,1,2,2,3,1,2,1,2,2,20,3,3,2,0,4,0,2,2,0,0,0,0
1,KOGI,2,18,3,0,1,2,2,2,3,1,2,2,2,2,2,1,3,2,0,4,0,2,2,0,0,0,0
2,KOGI,1,23,3,0,2,1,2,2,3,1,2,2,2,2,2,3,3,2,3,3,0,2,2,0,0,0,0
2,KOGI,2,25,5,0,1,1,2,2,3,1,2,2,2,2,2,3,3,2,3,4,0,2,2,0,1,0,1
2,KOGI,2,25,5,1,1,2,2,2,1,1,2,2,2,2,19,3,3,2,3,3,0,1,2,1,0,1,1
1,KOGI,2,24,5,1,1,1,2,2,3,1,2,1,2,2,3,1,3,2,3,3,0,2,2,0,0,0,0
2,KOGI,2,25,6,0,2,1,2,2,2,2,2,2,2,2,6,3,1,1,1,1,0,1,1,0,2,2,1
2,KOGI,2,22,5,0,1,1,2,2,3,1,2,1,2,2,2,3,3,1,1,4,0,2,2,2,0,2,2
2,KOGI,1,25,5,0,1,1,2,2,3,1,2,2,2,2,3,3,3,1,1,3,0,2,2,0,2,0,2
2,KOGI,2,24,6,0,1,1,2,2,3,1,2,2,2,2,2,3,3,1,1,4,0,2,2,0,2,2,2
2,KOGI,2,21,5,1,1,1,2,2,3,1,2,1,2,2,2,3,3,1,0,4,0,2,2,0,1,2,1
2,KWARA,2,23,11,0,2,2,2,2,3,1,2,2,2,2,1,3,3,2,0,4,0,1,2,0,0,0,0
2,KWARA,1,18,5,0,2,2,2,2,3,1,2,2,2,2,1,3,3,2,0,4,0,2,2,0,0,0,1
2,KWARA,2,22,5,0,1,2,2,2,3,2,1,1,2,2,3,3,3,2,3,4,0,2,2,0,0,0,1
1,KWARA,1,25,5,1,2,2,2,2,1,2,1,3,2,2,3,3,3,2,0,4,0,1,2,0,1,2,1
2,KWARA,2,23,5,0,2,1,2,2,2,1,2,3,2,2,2,3,3,1,1,4,0,2,2,1,1,1,1
2,KWARA,1,23,5,0,1,2,2,2,2,2,2,1,2,2,2,2,3,1,3,3,0,2,2,0,0,1,0
2,KWARA,1,25,6,0,1,1,2,2,3,1,1,3,2,2,3,3,3,1,1,4,0,2,2,0,0,2,1
1,KWARA,2,23,5,1,2,1,2,2,3,1,1,2,2,2,3,3,3,1,1,2,0,1,2,1,0,2,2
2,KWARA,2,24,5,1,1,2,2,2,2,1,2,2,2,2,18,3,3,1,1,3,0,2,2,0,2,2,1
2,KWARA,2,18,5,0,1,2,2,2,3,2,2,2,2,2,2,3,3,1,4,4,0,2,2,1,0,1,1
1,KWARA,2,25,6,0,1,1,2,2,3,2,2,2,2,2,3,3,3,1,3,4,0,2,2,0,0,2,1
2,KWARA,1,20,5,0,1,1,2,2,2,2,1,1,2,2,2,3,3,1,1,4,0,2,2,0,0,2,1
2,KWARA,1,23,6,0,1,1,2,2,3,1,2,3,2,2,2,3,3,1,1,4,0,2,2,0,0,2,0
2,KWARA,1,22,3,0,1,1,2,2,3,1,2,1,2,2,1,3,3,1,1,3,0,1,2,0,0,2,1
1,KWARA,1,23,6,0,1,1,2,2,3,1,2,1,2,2,3,3,3,1,0,4,0,2,2,2,0,2,1
1,KWARA,2,25,7,1,1,2,2,2,2,2,1,1,2,2,5,1,3,1,1,4,0,1,1,1,1,2,1
2,KWARA,1,25,5,0,2,1,2,2,3,1,2,2,2,2,2,3,3,1,0,4,0,2,2,1,0,2,1
1,KWARA,1,25,7,0,1,1,2,2,2,1,2,2,2,1,2,3,3,1,1,4,0,2,2,0,0,2,0
1,KWARA,1,21,6,1,1,1,2,2,1,1,2,1,2,2,2,1,3,1,1,4,0,1,2,1,0,2,2
1,KWARA,2,25,5,1,1,2,2,2,3,1,2,1,2,2,3,3,3,1,1,4,0,2,2,0,1,2,1
2,KWARA,1,19,7,0,1,1,2,2,3,1,1,2,2,2,3,3,3,1,1,1,0,1,2,2,0,2,1
2,KWARA,1,20,6,0,1,1,2,2,3,1,1,2,2,2,3,3,3,1,1,1,0,1,2,2,2,2,2
1,KWARA,1,19,6,0,2,1,2,2,2,1,2,1,2,2,2,3,3,1,1,3,0,2,2,0,0,1,0
1,KWARA,1,24,5,0,1,1,2,2,3,2,2,1,2,2,2,3,3,1,1,4,0,2,2,1,0,2,1
1,KWARA,1,25,5,0,1,1,2,2,3,1,2,2,2,2,3,3,3,1,4,4,0,2,2,2,1,1,2
1,KWARA,1,21,5,0,1,2,2,2,3,1,2,2,2,2,2,3,3,1,1,4,0,1,2,2,0,2,1
2,KWARA,1,25,5,0,1,1,1,2,2,1,1,1,2,1,2,2,3,1,1,3,0,1,1,0,0,2,1
1,LAGOS,2,25,6,0,1,1,2,2,3,1,2,2,2,2,3,3,3,1,3,4,0,2,2,2,0,2,1
1,LAGOS,2,22,5,0,1,1,2,2,2,1,1,2,2,2,3,1,3,1,2,2,0,1,1,1,1,0,2
1,LAGOS,1,23,7,0,1,1,2,2,3,1,2,2,2,2,4,3,3,1,1,4,0,1,2,0,0,2,1
1,LAGOS,1,22,5,0,2,1,2,2,3,1,2,2,2,2,2,3,3,1,1,4,0,2,2,0,0,2,0
1,LAGOS,1,19,5,0,2,1,2,2,1,1,1,1,2,2,19,3,3,1,1,2,0,2,2,2,0,2,1
1,LAGOS,1,22,6,0,2,1,2,2,2,1,1,1,2,2,2,3,3,1,1,4,0,2,1,0,1,2,1
1,LAGOS,2,21,5,0,2,2,2,2,3,1,1,4,2,1,3,3,3,1,1,1,0,1,2,0,0,2,1
1,LAGOS,1,23,5,0,2,1,2,2,3,1,2,1,2,2,2,3,3,1,1,4,0,2,2,2,0,2,1
2,LAGOS,2,23,9,0,2,2,2,2,3,1,2,1,2,2,3,3,3,1,1,4,0,2,2,1,0,2,1
1,LAGOS,1,25,6,0,1,1,2,2,3,1,2,2,2,2,8,3,3,1,1,4,0,2,1,2,1,2,1
1,NASARAWA,2,24,5,1,1,1,2,2,2,1,2,1,2,2,1,3,3,2,0,4,0,1,2,0,0,0,1
2,NASARAWA,1,24,10,1,1,2,2,2,3,1,2,1,2,2,3,1,3,2,0,4,0,1,2,0,0,0,0
2,NASARAWA,1,25,3,0,1,1,2,2,2,1,2,2,2,2,1,3,3,2,0,4,0,2,2,2,1,1,2
1,NASARAWA,1,25,5,0,2,1,2,2,3,1,2,1,2,2,6,1,3,2,0,4,0,1,2,0,0,0,1
2,NASARAWA,1,20,11,1,2,1,2,2,3,1,1,1,2,2,1,2,3,2,0,4,0,1,2,0,0,2,0
2,NASARAWA,1,20,11,1,2,2,2,2,3,1,1,1,2,2,2,3,3,2,0,4,0,2,2,0,0,1,0
2,NASARAWA,2,23,3,1,2,1,2,2,3,1,2,2,2,2,19,2,3,2,0,4,0,2,2,0,0,0,0
2,NASARAWA,2,25,3,1,1,2,2,2,3,1,2,1,2,2,1,1,3,2,0,4,0,1,2,2,0,0,1
2,NASARAWA,1,25,4,0,1,2,2,2,2,1,2,2,2,1,1,3,3,2,0,4,0,2,2,0,0,2,0
2,NASARAWA,2,23,10,1,2,1,2,2,3,1,1,1,2,2,1,3,3,2,0,4,0,2,2,1,0,1,0
1,NASARAWA,2,20,10,1,1,2,2,2,2,1,2,1,1,1,2,3,3,2,4,4,0,1,2,2,1,1,2
2,NASARAWA,1,19,4,1,1,2,2,2,3,2,2,1,2,1,1,3,3,2,0,4,0,1,2,1,0,1,1
2,NASARAWA,1,20,5,0,1,2,2,2,3,1,2,1,2,2,1,3,3,2,3,4,0,1,2,2,0,2,1
1,NASARAWA,2,20,5,1,1,2,2,2,3,1,2,1,2,2,2,1,3,2,0,4,0,1,2,0,0,0,0
2,NASARAWA,1,25,5,1,1,2,2,2,2,1,1,1,2,2,2,3,3,2,0,4,0,2,2,2,0,1,1
2,NASARAWA,1,25,10,0,1,1,2,2,3,1,2,2,2,2,1,3,3,2,0,4,0,2,2,0,0,0,0
1,NASARAWA,1,22,11,1,1,2,2,2,3,1,1,1,2,2,2,1,3,2,0,4,0,1,2,0,0,1,0
2,NASARAWA,2,25,2,1,2,1,2,2,3,2,2,1,1,1,2,1,3,2,4,3,0,1,2,0,0,0,0
2,NASARAWA,2,20,4,1,1,1,2,2,2,1,2,2,2,2,2,3,3,2,3,4,0,1,2,0,0,0,1
2,NASARAWA,2,23,3,1,2,1,2,2,2,1,2,1,1,1,2,3,3,2,4,4,0,1,2,0,0,1,1
1,NASARAWA,1,25,5,1,1,2,2,2,2,1,1,1,2,2,1,1,3,2,0,4,0,1,2,0,0,2,0
2,NASARAWA,1,20,2,0,2,1,2,2,3,1,1,1,2,2,1,3,3,2,3,4,0,2,2,0,0,0,1
2,NASARAWA,1,25,10,0,1,2,2,2,2,1,2,1,2,2,1,3,3,2,3,4,0,1,2,0,0,0,0
2,NASARAWA,1,25,4,1,1,2,2,2,3,1,2,1,2,2,1,3,3,2,3,4,0,2,2,1,0,2,0
2,NASARAWA,2,23,5,1,2,2,2,2,2,1,1,1,2,2,1,3,3,2,0,4,0,2,2,0,0,2,0
2,NASARAWA,1,20,5,0,2,2,2,2,3,1,1,2,2,2,2,3,3,2,3,4,0,2,2,2,0,1,1
1,NASARAWA,2,25,4,1,2,2,2,2,3,1,1,2,2,2,1,3,3,2,3,4,0,2,2,2,0,0,1
2,NASARAWA,1,24,11,0,1,1,2,2,3,2,1,2,2,2,19,3,3,2,0,4,0,2,2,0,0,0,0
1,NASARAWA,1,25,5,1,1,1,2,2,2,1,2,1,2,2,1,3,3,2,0,4,0,1,2,0,0,0,1
1,NASARAWA,1,25,3,0,2,1,2,2,2,1,2,3,2,2,19,1,3,2,3,4,0,1,2,0,0,0,0
1,NASARAWA,2,25,3,1,2,2,2,2,2,1,2,1,2,1,8,1,3,2,4,4,0,1,2,2,0,0,1
2,NASARAWA,2,25,4,0,1,1,2,2,1,2,2,1,2,2,2,2,3,2,3,3,1,1,2,2,1,0,2
2,NASARAWA,1,18,4,0,2,2,2,2,2,1,2,1,2,2,1,3,3,2,0,4,0,2,2,2,0,0,1
2,NASARAWA,1,20,11,1,1,2,2,2,3,1,2,1,2,2,1,1,3,2,0,4,0,1,2,1,0,2,1
2,NASARAWA,1,23,7,1,2,1,2,2,3,2,2,1,2,2,1,3,3,1,0,4,0,1,2,2,0,2,0
1,NASARAWA,1,25,4,0,1,2,2,2,3,1,2,1,2,2,4,3,3,1,1,4,0,2,2,0,0,0,1
1,NASARAWA,1,25,5,1,1,2,2,2,2,1,2,2,2,2,1,1,3,1,1,4,0,1,2,0,0,2,1
2,NASARAWA,1,20,5,1,1,1,2,2,2,1,1,1,2,2,1,3,3,1,4,4,0,2,2,0,0,2,1
2,NASARAWA,2,22,5,1,1,2,2,2,3,1,1,1,2,2,1,3,3,1,0,4,0,2,2,0,0,2,0
2,NASARAWA,2,24,5,1,2,1,2,2,2,1,2,2,2,2,1,2,3,1,1,4,0,1,2,0,0,0,1
1,NASARAWA,1,19,5,0,2,2,2,2,3,1,2,1,2,2,4,3,3,1,2,4,0,1,2,0,1,1,1
2,NASARAWA,1,25,6,1,1,2,2,2,2,1,2,1,2,2,2,3,3,1,0,4,0,2,2,0,0,2,1
2,NASARAWA,2,18,3,1,2,2,2,2,2,1,1,1,2,2,2,3,3,1,2,2,0,1,2,0,0,1,1
2,NASARAWA,1,25,11,1,1,2,2,2,3,1,2,1,2,2,1,3,3,1,0,4,0,2,2,0,0,1,0
1,NASARAWA,1,20,5,0,2,1,2,2,3,1,1,1,2,2,2,3,3,1,2,4,0,2,2,0,0,2,1
2,NASARAWA,1,19,11,0,1,2,2,2,1,1,1,2,2,2,1,3,3,1,0,4,0,2,2,0,0,1,1
2,NASARAWA,1,18,11,0,1,2,2,2,3,1,1,1,2,2,2,3,3,1,0,4,0,2,2,1,0,0,1
2,NASARAWA,1,19,6,0,2,1,2,2,3,1,2,1,2,2,1,3,3,1,1,4,0,2,2,2,0,2,1
1,NASARAWA,1,25,5,1,1,2,2,2,3,1,2,1,2,2,4,3,3,1,1,4,0,2,2,2,0,2,1
2,NASARAWA,1,23,5,0,1,1,2,2,3,1,2,3,2,2,1,3,3,1,0,4,0,2,2,0,0,0,0
1,NASARAWA,2,18,4,1,2,1,2,2,3,1,2,2,2,1,1,1,3,1,4,4,0,1,2,0,0,0,1
2,NASARAWA,1,23,3,0,1,1,2,2,3,1,1,1,2,2,1,3,3,1,3,4,0,2,2,0,0,0,1
2,NASARAWA,1,25,3,1,1,2,2,2,3,1,2,1,2,2,2,3,3,1,0,2,0,1,2,0,0,2,0
2,NASARAWA,1,25,5,1,1,1,2,2,2,1,2,1,2,2,2,1,3,1,3,4,0,1,2,2,0,1,1
1,NASARAWA,1,19,6,0,2,1,2,2,3,1,2,2,2,2,1,3,3,1,1,4,0,2,2,0,0,2,0
2,NASARAWA,1,24,6,0,1,2,2,2,3,1,2,1,2,2,1,3,3,1,1,4,0,2,2,0,0,2,0
1,NASARAWA,1,22,6,1,1,1,2,2,3,1,1,1,2,2,3,3,3,1,0,4,0,1,2,0,0,2,1
2,NASARAWA,1,25,7,0,1,1,2,2,1,1,2,1,2,2,1,3,3,1,1,4,0,2,2,2,1,2,2
2,NASARAWA,1,24,6,0,1,1,2,2,2,1,2,1,2,2,2,3,3,1,1,4,0,2,2,0,0,1,1
2,NASARAWA,1,25,3,0,1,2,2,2,3,1,2,1,2,2,1,3,3,1,3,4,0,1,2,0,0,0,0
1,NASARAWA,2,25,3,0,1,2,2,2,2,1,1,1,2,2,2,3,3,1,0,4,0,1,2,0,0,2,0
1,NIGER,2,20,2,1,2,1,2,2,2,1,1,2,1,1,19,1,3,2,4,4,0,1,2,1,0,0,1
1,NIGER,2,20,2,1,1,1,2,2,2,1,1,2,2,1,4,3,3,2,4,4,0,1,2,0,0,0,0
2,NIGER,1,25,3,0,1,1,2,2,2,1,1,2,2,2,1,3,3,2,0,4,0,2,2,0,1,0,0
2,NIGER,2,20,1,0,1,1,2,2,3,1,1,2,2,2,20,3,3,2,4,4,0,1,2,0,0,0,0
2,NIGER,1,20,10,0,1,2,2,2,3,1,1,2,2,2,1,1,3,2,0,4,0,1,2,0,0,2,1
1,NIGER,2,23,11,1,1,2,2,2,1,1,2,1,2,2,1,3,3,2,4,4,0,1,2,0,0,0,1
2,NIGER,2,21,2,1,1,2,2,2,2,1,1,2,2,2,20,3,3,2,4,4,0,1,2,0,1,2,2
1,NIGER,2,22,11,1,2,2,2,2,2,1,2,3,2,2,4,3,3,2,3,3,0,2,2,0,0,2,0
2,NIGER,1,22,2,1,2,2,2,2,2,1,2,1,2,2,1,2,3,2,0,3,0,1,2,0,0,1,1
1,NIGER,2,25,2,1,1,2,2,2,2,1,1,2,2,1,2,1,3,2,0,4,0,1,2,2,0,0,1
1,NIGER,2,25,11,1,1,2,2,2,2,1,1,2,2,2,1,1,3,2,4,4,0,1,2,0,0,0,1
2,NIGER,1,20,3,1,2,2,2,2,2,1,2,1,2,2,4,1,3,2,3,4,0,1,2,0,1,0,1
2,NIGER,2,20,5,0,1,2,2,2,3,2,2,2,2,2,1,3,3,2,3,3,0,2,2,1,0,0,1
2,NIGER,2,20,11,1,2,1,2,2,2,1,1,1,1,1,3,2,3,2,4,4,0,1,2,0,0,0,0
2,NIGER,2,18,11,1,2,2,2,2,2,1,1,1,1,2,19,2,3,2,4,4,0,1,2,0,0,0,0
2,NIGER,2,20,1,1,1,2,2,2,3,1,1,2,1,2,1,1,3,2,4,4,0,2,2,0,0,0,0
1,NIGER,2,25,11,1,1,1,2,2,2,1,1,2,2,2,15,1,3,2,4,4,0,1,2,0,0,0,1
2,NIGER,1,20,3,1,1,2,2,2,3,1,2,1,2,1,2,1,3,2,3,3,0,1,2,0,1,2,1
2,NIGER,1,25,11,1,2,2,2,2,1,1,1,2,1,2,1,3,3,2,4,4,0,2,2,0,0,0,1
2,NIGER,1,21,11,0,1,2,2,2,2,1,1,2,2,2,2,2,3,2,2,3,0,1,1,0,0,0,1
2,NIGER,2,21,3,1,1,2,2,2,2,1,1,1,2,2,1,2,3,2,0,4,0,1,2,0,0,0,0
2,NIGER,2,20,11,1,2,2,2,2,3,1,1,2,1,1,1,2,3,2,4,4,0,1,2,0,0,0,0
2,NIGER,1,18,4,0,2,1,2,2,2,1,1,2,1,2,1,3,3,2,3,4,0,2,2,0,0,0,1
2,NIGER,2,25,5,1,1,1,2,2,2,1,1,1,2,2,1,2,3,2,4,4,0,1,2,1,1,2,2
2,NIGER,1,20,11,1,2,1,2,2,1,1,1,2,2,2,3,3,3,2,4,3,0,1,2,0,0,0,1
1,NIGER,2,18,2,1,1,2,2,2,2,2,1,1,2,1,18,1,3,2,4,4,0,1,2,0,0,0,0
2,NIGER,2,20,11,1,1,1,2,2,3,1,1,2,2,2,1,2,3,2,0,4,0,1,2,0,0,0,1
1,NIGER,2,25,5,0,1,2,2,2,2,1,1,3,2,2,2,1,3,2,3,4,0,1,2,1,1,0,2
2,NIGER,2,24,11,0,1,1,2,2,2,1,1,2,2,2,1,2,3,2,4,4,0,1,2,0,0,0,0
1,NIGER,1,25,2,1,2,1,2,2,2,1,1,2,1,2,5,1,3,2,4,4,0,1,2,0,0,0,1
1,NIGER,2,20,3,1,1,2,2,2,2,1,1,1,1,1,19,2,3,2,4,4,0,1,2,1,0,0,1
1,NIGER,1,19,11,0,1,2,2,2,2,1,1,1,2,2,2,1,3,1,0,4,0,1,2,0,0,0,1
1,NIGER,1,22,7,0,1,1,1,2,2,1,1,2,2,2,3,3,3,1,1,3,1,1,1,0,2,2,2
2,NIGER,2,25,7,0,1,1,1,2,2,1,1,1,2,2,3,3,3,1,1,3,0,1,2,1,2,2,2
1,NIGER,1,18,8,0,1,1,2,1,2,2,2,1,2,2,2,3,3,1,1,4,0,2,1,1,0,2,2
2,NIGER,1,20,6,0,1,1,2,1,2,1,1,2,2,2,3,3,3,1,2,4,0,1,2,0,2,2,2
1,NIGER,1,25,6,0,1,2,2,2,3,1,2,2,2,2,7,3,3,1,1,4,0,1,2,1,2,2,1
2,NIGER,2,18,3,0,2,1,2,2,3,1,1,1,2,2,20,3,3,1,4,4,0,2,2,0,0,0,0
1,NIGER,2,18,3,1,2,1,2,2,3,1,1,1,2,2,1,3,3,1,4,4,0,1,2,0,0,0,1
2,NIGER,2,25,11,1,1,2,2,2,2,1,1,3,2,2,17,1,3,1,4,4,0,2,2,1,1,0,1
2,NIGER,1,20,3,1,1,2,2,2,2,1,1,2,2,2,2,2,3,1,1,2,0,1,2,1,2,2,2
1,NIGER,1,21,6,0,1,1,2,1,2,1,1,2,2,2,2,3,3,1,1,4,1,2,2,1,2,2,1
1,NIGER,1,24,5,0,1,1,2,2,3,1,1,3,2,2,1,3,3,1,0,3,0,1,2,0,0,1,0
1,NIGER,1,25,11,1,1,1,2,2,2,1,1,2,1,2,5,1,3,1,1,3,0,1,2,0,1,0,1
2,NIGER,2,20,7,1,2,1,1,2,2,1,1,2,2,2,1,2,3,1,1,1,0,1,2,1,0,2,2
2,NIGER,2,24,5,0,1,1,2,2,2,1,1,2,2,2,1,3,3,1,1,1,0,1,2,0,0,1,1
2,NIGER,2,24,6,0,1,2,2,2,2,2,2,1,2,2,3,3,3,1,1,3,0,1,2,1,2,2,2
2,NIGER,2,22,6,1,1,1,2,2,2,1,1,1,2,2,7,2,3,1,1,3,0,1,2,1,2,2,2
1,NIGER,1,25,6,0,1,1,2,2,2,1,1,2,2,2,13,3,3,1,1,4,0,2,2,1,2,1,2
1,NIGER,2,18,3,0,1,1,2,2,2,1,1,1,2,2,2,2,3,1,2,4,0,1,2,0,0,0,0
2,NIGER,1,18,5,0,1,1,2,2,1,1,1,3,2,2,1,3,3,1,3,3,0,2,2,1,0,1,1
1,NIGER,2,20,3,1,1,1,2,2,2,1,1,1,2,2,2,2,3,1,2,3,1,1,1,0,1,0,1
2,NIGER,2,23,5,1,2,2,2,2,3,1,2,2,2,2,2,3,3,1,4,4,0,2,2,1,1,0,1
2,NIGER,2,18,5,0,2,2,2,2,2,1,1,1,2,2,1,3,3,1,4,3,0,1,2,0,0,0,1
1,OGUN,1,24,5,0,1,1,2,2,3,1,2,1,2,2,3,3,3,2,3,4,0,2,2,0,0,2,0
2,OGUN,2,25,2,1,1,2,2,2,3,1,2,1,2,2,1,3,3,2,3,4,0,2,2,1,0,0,1
2,OGUN,2,25,4,0,2,1,2,2,3,2,2,2,2,2,3,3,3,2,3,4,0,2,2,1,0,0,1
2,OGUN,1,24,5,0,2,1,2,2,3,1,1,2,2,2,6,3,3,1,1,1,1,2,2,2,1,2,1
2,OGUN,1,25,5,0,1,1,2,2,3,2,2,2,2,2,3,3,3,1,1,2,0,2,2,1,0,2,1
2,OGUN,1,24,8,0,2,1,2,2,3,1,2,1,2,2,9,3,3,1,1,1,0,2,1,2,0,1,1
1,OGUN,2,24,5,0,1,1,2,2,2,1,2,2,2,2,13,3,3,1,2,4,0,2,2,2,1,2,1
2,OGUN,1,22,5,0,1,2,2,2,3,1,1,1,2,2,2,3,3,1,1,4,0,2,2,2,2,1,2
1,OGUN,1,21,6,0,1,1,2,2,3,1,2,1,2,2,18,3,3,1,2,2,0,2,2,2,0,2,1
2,OGUN,1,18,4,0,2,1,2,2,3,1,2,1,2,2,19,3,3,1,3,4,0,2,2,0,0,0,1
1,OGUN,2,25,5,0,1,2,2,2,2,1,2,1,2,2,5,3,3,1,1,4,0,2,2,0,0,1,0
2,OGUN,1,25,7,0,1,1,2,2,2,1,1,2,2,2,2,3,3,1,3,2,0,2,2,1,0,2,1
2,OGUN,2,25,3,0,1,2,2,2,3,1,2,2,2,2,5,3,3,1,1,2,0,2,2,0,0,2,0
2,OGUN,1,25,5,0,1,1,2,2,3,1,1,2,2,2,2,3,3,1,1,3,0,2,2,1,1,2,2
1,OGUN,1,20,5,0,2,1,2,2,3,1,2,3,2,2,2,3,3,1,1,4,0,2,2,0,2,2,1
2,OGUN,1,25,5,0,2,2,2,2,3,1,2,2,2,2,2,3,3,1,1,4,0,2,2,0,0,1,1
1,OGUN,1,25,5,0,2,2,2,2,3,1,2,2,2,2,2,3,3,1,1,4,0,2,2,0,0,1,1
1,OGUN,2,25,5,0,2,2,2,2,3,1,2,2,2,2,3,3,3,1,1,3,0,1,2,0,1,2,1
1,OGUN,1,25,6,0,2,1,2,2,2,1,2,4,2,2,5,3,3,1,1,4,0,1,1,2,0,2,2
2,OGUN,1,21,5,0,1,1,2,2,3,2,2,2,2,2,4,3,3,1,4,2,0,2,2,0,1,1,1
2,ONDO,1,25,2,0,1,1,2,2,3,1,2,2,2,2,1,3,3,2,3,3,0,2,2,0,0,0,0
2,ONDO,1,23,5,1,1,1,2,2,3,1,2,1,2,2,3,3,3,1,1,3,0,1,2,0,0,2,0
1,ONDO,2,22,5,1,1,1,2,2,2,2,1,2,2,2,3,2,3,1,3,3,0,1,2,2,0,1,1
2,ONDO,1,22,5,0,1,2,2,2,3,1,2,1,2,2,2,3,3,1,1,4,0,2,2,0,0,2,1
2,ONDO,1,23,6,0,2,1,2,2,3,1,2,1,2,2,3,3,3,1,1,4,0,2,2,0,0,2,1
2,ONDO,2,18,5,0,1,1,2,2,3,1,2,1,2,2,3,3,3,1,1,2,0,2,2,2,0,2,1
2,ONDO,1,23,5,0,2,2,2,2,3,1,2,2,2,2,2,3,3,1,3,4,0,2,2,0,0,0,1
1,ONDO,1,25,8,0,1,1,2,2,2,1,2,2,2,2,3,3,3,1,1,4,0,2,1,2,0,2,1
1,ONDO,2,20,5,1,1,1,2,2,3,1,1,1,2,2,18,3,3,1,1,4,0,2,2,1,0,0,1
2,OSUN,1,20,4,1,1,1,2,2,2,1,2,1,1,2,3,2,3,2,3,4,0,1,2,2,0,0,2
2,OSUN,1,20,3,0,2,2,2,2,2,1,1,2,2,2,3,3,3,2,3,3,0,2,2,2,0,0,2
2,OSUN,1,22,5,0,1,1,2,2,3,1,2,1,1,1,2,3,3,2,3,3,0,1,2,2,0,1,1
2,OSUN,1,24,4,1,1,1,2,2,2,1,2,1,2,2,3,3,3,1,1,3,0,1,2,0,0,0,1
2,OSUN,1,19,5,1,1,1,2,2,2,2,1,2,1,2,5,1,2,1,2,1,1,1,1,2,1,0,1
2,OSUN,1,18,4,1,2,1,2,2,1,1,1,4,2,1,6,3,3,1,1,2,0,1,2,0,0,2,1
2,OSUN,1,23,6,0,1,2,2,2,1,2,1,3,2,1,2,3,1,1,2,1,1,1,1,2,1,1,2
2,OSUN,1,18,5,0,1,1,2,2,3,1,1,2,2,2,4,3,3,1,1,3,0,2,2,0,0,0,0
2,OSUN,1,25,5,0,1,1,2,2,1,1,1,2,1,2,3,3,3,1,1,2,0,1,2,0,0,2,1
1,OSUN,1,25,5,0,1,1,2,2,2,1,2,1,2,2,5,3,3,1,1,3,0,1,2,0,0,2,1
2,OSUN,2,24,5,0,1,2,2,2,3,1,1,2,2,1,1,3,3,1,1,3,0,2,2,0,0,2,0
1,OSUN,1,25,5,1,1,1,2,2,3,1,1,2,2,1,2,2,3,1,3,3,1,1,2,0,0,0,0
2,OSUN,1,25,5,0,1,1,2,2,2,1,1,2,2,2,3,3,3,1,0,2,0,2,2,0,0,0,0
2,OSUN,1,21,5,0,2,2,1,1,1,2,1,3,2,2,4,3,1,1,2,1,1,1,1,0,1,1,1
2,OSUN,1,22,5,0,2,1,2,2,1,1,2,1,2,2,2,3,3,1,3,3,0,1,2,0,0,0,1
2,OSUN,1,19,5,0,1,2,2,2,1,1,1,1,2,2,2,2,1,1,2,2,0,1,1,1,1,2,2
2,OSUN,1,24,5,0,1,2,2,2,3,2,2,2,2,2,2,3,3,1,1,4,0,2,2,0,0,2,1
1,OSUN,2,24,5,1,2,1,2,1,2,1,2,1,2,2,13,3,3,1,1,4,0,1,2,2,0,2,2
2,OSUN,1,19,5,0,1,1,2,2,1,2,2,2,1,1,4,2,1,1,2,2,0,1,1,0,2,2,2
1,OSUN,1,25,3,1,1,1,2,2,1,2,2,1,1,2,6,2,3,1,1,4,0,1,2,2,0,0,2
2,OSUN,2,21,6,0,1,1,2,2,1,1,2,1,2,2,3,3,3,1,1,3,0,1,2,2,0,0,2
1,OSUN,1,19,5,0,2,1,2,2,2,1,2,1,2,2,4,3,3,1,2,4,0,1,1,0,1,2,0
1,OSUN,1,22,9,0,1,1,2,2,2,1,2,1,1,2,3,3,3,1,1,4,0,1,2,0,0,2,2
1,OSUN,1,21,3,0,1,1,2,2,2,1,2,2,2,2,2,3,3,1,1,1,0,2,2,0,0,0,1
2,OSUN,1,25,4,0,1,1,2,2,1,1,1,2,2,2,2,3,3,1,2,4,0,1,2,2,0,0,2
2,OSUN,1,21,6,0,2,2,2,2,3,2,2,1,2,2,4,3,3,1,0,3,0,2,2,2,0,2,1
1,OSUN,1,25,6,0,2,2,2,2,2,1,1,2,2,1,8,2,1,1,2,2,1,1,1,1,1,2,1
2,OSUN,1,25,4,0,1,2,2,1,2,2,2,3,2,2,8,3,3,1,3,3,0,2,2,0,0,2,0
1,OSUN,1,24,5,0,2,2,2,2,3,2,2,1,2,2,6,3,3,1,3,4,0,2,2,2,0,0,1
1,OSUN,1,25,7,1,1,2,2,2,2,1,2,1,2,2,2,2,3,1,1,2,0,2,1,2,0,2,2
2,OSUN,2,22,1,0,1,1,2,2,2,2,2,3,1,1,6,1,3,1,1,4,0,1,2,0,0,1,0
1,OSUN,1,25,5,0,1,1,2,2,2,1,1,4,2,2,3,3,1,1,2,2,0,1,1,0,1,1,0
1,OSUN,1,25,4,0,1,1,2,2,1,1,2,1,2,2,8,2,3,1,1,2,0,1,2,0,0,2,1
1,OSUN,1,25,8,0,1,1,2,2,2,1,2,2,1,1,4,3,2,1,2,1,1,1,1,2,1,1,1
2,OSUN,1,23,6,0,2,1,2,2,2,2,1,2,2,1,7,2,2,1,2,1,0,1,1,0,2,1,1
2,OYO,1,25,5,0,1,1,2,2,3,1,2,1,2,2,2,3,3,2,3,3,0,2,2,2,0,0,1
2,OYO,1,24,5,0,1,1,2,2,3,1,2,1,2,2,2,3,2,2,3,4,0,2,2,0,0,0,1
1,OYO,1,18,4,0,2,2,2,2,3,1,2,1,2,2,20,3,3,2,3,4,0,2,2,2,0,0,2
2,OYO,2,25,5,0,1,2,2,2,3,1,1,2,2,2,2,3,3,2,3,4,0,2,2,0,0,0,0
2,OYO,1,21,5,0,1,1,2,2,3,1,2,1,2,2,2,3,3,2,4,4,0,2,2,2,0,0,1
2,OYO,1,21,4,0,2,2,2,2,3,1,2,1,2,2,1,3,3,2,3,4,0,2,2,0,0,1,1
1,OYO,1,21,5,0,2,2,2,2,3,2,2,2,2,2,3,3,3,2,3,4,0,2,2,2,0,0,1
2,OYO,2,25,5,0,2,1,2,2,3,2,2,1,2,2,2,3,3,2,3,4,0,2,2,0,0,0,1
2,OYO,1,25,5,0,1,1,2,2,3,1,1,2,2,2,1,3,3,2,3,3,0,2,2,0,0,2,0
2,OYO,1,21,5,0,2,1,2,2,3,1,1,1,2,2,2,3,3,1,1,4,0,2,2,0,2,2,1
1,OYO,1,24,5,0,1,1,2,2,3,1,1,2,2,2,2,3,3,1,3,4,0,2,2,1,1,0,1
2,OYO,1,23,6,0,2,1,2,2,3,1,2,1,2,2,1,3,3,1,0,4,0,2,2,2,0,0,1
1,OYO,2,23,5,0,1,2,2,2,3,1,2,2,2,2,2,3,3,1,0,4,0,2,2,1,0,2,1
2,OYO,1,24,5,1,2,2,1,2,3,1,2,3,2,2,2,2,3,1,0,4,1,2,2,0,0,0,0
2,OYO,1,25,5,0,2,2,2,2,3,1,2,2,2,2,1,3,3,1,3,4,0,2,2,0,0,0,0
2,OYO,1,23,6,0,2,1,2,2,3,1,2,2,2,1,2,3,3,1,2,4,0,2,2,2,0,2,1
1,OYO,1,18,6,0,2,2,2,2,1,1,2,1,2,2,1,3,3,1,1,1,0,2,1,2,0,2,1
2,OYO,1,23,6,0,2,2,2,2,3,1,2,2,2,2,2,3,3,1,2,4,0,2,2,0,0,2,1
2,OYO,1,25,5,0,2,1,2,2,3,2,2,1,2,2,19,3,3,1,3,4,0,2,2,0,0,0,1
2,OYO,1,21,5,0,2,1,2,1,3,1,2,3,2,2,2,3,3,1,1,4,0,2,2,0,0,2,1
2,OYO,1,23,7,1,1,1,2,2,3,1,2,2,2,2,2,3,3,1,1,4,0,1,2,1,0,2,1
2,OYO,1,25,7,0,1,1,2,2,3,1,2,2,2,2,2,3,3,1,1,4,0,1,2,2,0,0,1
2,OYO,2,25,5,1,1,1,2,2,3,1,2,2,2,2,2,2,3,1,3,4,0,1,2,0,0,0,1
2,OYO,1,25,5,0,1,2,2,2,3,1,2,2,2,2,2,3,3,1,3,2,0,2,2,2,0,0,1
1,OYO,1,23,5,0,1,1,2,2,3,1,2,2,2,2,1,3,3,1,1,4,0,2,2,0,0,2,1
2,OYO,1,20,6,0,2,1,2,2,3,1,2,2,2,2,19,3,3,1,3,4,0,2,2,1,0,2,1
1,OYO,1,23,5,0,2,1,2,2,3,1,2,1,2,2,2,3,3,1,3,4,0,2,2,0,1,1,1
1,OYO,1,25,4,1,2,1,2,2,3,1,2,1,2,2,2,3,3,1,1,4,0,2,2,0,1,2,0
2,OYO,1,24,6,0,1,2,2,2,2,1,2,2,2,2,3,3,3,1,1,4,0,2,2,2,0,0,1
2,PLATEAU,2,18,3,1,1,2,2,2,3,1,2,2,2,2,1,3,3,2,0,4,0,2,2,2,0,0,1
2,PLATEAU,2,22,3,1,1,2,2,2,3,1,1,1,2,2,1,2,3,2,0,4,0,1,2,0,0,1,1
2,PLATEAU,2,25,3,1,1,2,2,2,2,1,2,2,2,2,1,3,3,2,0,4,0,1,2,0,0,1,0
2,PLATEAU,2,25,4,1,1,2,2,2,3,1,2,2,2,2,1,1,3,2,0,4,0,1,2,1,0,0,1
1,PLATEAU,2,18,4,1,2,1,2,2,2,1,2,2,2,2,1,3,3,2,0,4,0,1,2,0,0,0,1
2,PLATEAU,1,25,5,0,1,1,2,2,2,1,2,1,2,2,1,3,3,2,0,4,0,1,2,1,0,0,1
2,PLATEAU,2,25,4,1,1,1,2,2,3,1,2,2,2,2,1,2,3,2,0,4,0,1,2,1,1,0,1
2,PLATEAU,2,23,5,0,1,1,2,2,3,1,2,1,2,2,1,3,3,2,0,4,0,2,2,1,0,0,0
2,PLATEAU,2,20,2,1,2,2,2,2,3,1,2,2,2,2,1,3,3,2,0,4,0,2,2,1,0,0,0
2,PLATEAU,2,22,5,1,1,2,2,2,3,1,2,1,2,2,1,1,3,2,0,4,0,1,2,0,0,0,0
1,PLATEAU,2,25,4,1,1,2,1,2,3,2,1,3,2,2,1,2,3,2,0,4,0,1,2,0,0,0,1
2,PLATEAU,2,23,2,1,1,2,2,2,2,1,2,2,2,1,1,3,3,2,3,3,0,2,2,0,0,1,1
1,PLATEAU,2,23,5,1,2,2,2,2,2,1,1,2,2,2,1,1,3,2,3,4,0,1,2,1,0,2,1
1,PLATEAU,2,25,6,1,1,2,2,2,2,1,2,2,2,2,5,1,3,1,1,4,0,1,2,1,0,2,1
2,PLATEAU,1,24,5,0,1,1,2,2,3,2,2,2,2,2,1,3,3,1,0,4,0,2,2,2,0,0,1
2,PLATEAU,2,25,4,0,1,1,2,2,3,1,2,2,2,2,1,3,3,1,3,3,0,2,2,2,0,1,1
2,PLATEAU,1,23,5,0,1,1,2,2,3,1,2,2,2,2,1,3,3,1,1,4,0,1,2,2,0,1,1
2,PLATEAU,1,24,6,0,1,1,2,2,3,2,2,1,2,2,2,3,3,1,1,4,0,2,2,1,0,2,1
1,PLATEAU,2,25,4,1,1,2,2,2,2,1,2,2,2,2,2,1,3,1,1,4,0,1,2,0,0,1,0
1,PLATEAU,2,19,5,1,1,2,2,2,3,1,2,2,2,2,2,3,3,1,3,3,0,1,2,0,0,0,0
1,PLATEAU,2,23,5,1,2,1,2,2,2,1,2,2,2,2,2,3,3,1,3,4,0,1,2,0,0,0,0
1,PLATEAU,2,18,5,1,1,1,2,2,2,1,2,4,2,2,2,1,3,1,3,3,1,1,2,1,0,2,1
2,PLATEAU,1,25,5,0,1,2,2,2,3,2,2,1,2,2,2,3,3,1,0,4,0,2,2,0,0,2,0
2,PLATEAU,2,25,4,1,1,2,1,2,1,1,1,2,2,2,1,2,3,1,0,3,0,1,2,0,0,0,1
2,RIVERS,2,18,5,0,2,2,2,2,2,1,2,1,2,2,2,2,3,2,4,4,0,2,2,0,0,0,0
2,RIVERS,2,22,5,0,2,2,2,2,3,1,2,1,2,2,2,3,3,2,0,4,0,2,2,0,0,0,0
2,RIVERS,1,25,5,0,1,2,2,2,3,2,2,2,2,2,2,3,3,2,0,4,0,2,2,0,0,0,0
1,RIVERS,1,25,4,0,2,1,2,2,3,1,2,1,2,2,3,3,3,2,3,4,0,2,2,0,0,0,1
2,RIVERS,1,24,5,1,1,2,2,2,2,1,1,2,2,2,2,3,3,2,3,4,0,1,2,2,0,0,1
2,RIVERS,2,25,5,1,1,1,2,2,2,1,2,1,2,2,2,3,3,1,2,4,0,2,2,2,0,0,2
2,RIVERS,1,21,6,0,1,1,2,2,2,1,1,1,2,1,3,3,3,1,1,4,0,1,2,2,1,2,2
2,RIVERS,1,22,5,0,1,1,2,2,2,1,2,2,2,2,18,3,3,1,1,4,0,2,2,0,0,2,1
2,RIVERS,2,25,5,0,2,2,2,2,2,2,2,2,2,2,2,3,3,1,1,4,0,2,2,0,0,2,1
2,RIVERS,1,24,5,0,1,2,2,2,3,2,1,2,2,2,2,3,3,1,1,4,0,2,2,0,0,2,1
2,RIVERS,1,22,4,0,2,2,2,2,3,1,2,2,2,2,1,3,3,1,1,4,0,2,2,0,0,1,1
2,RIVERS,2,24,5,0,1,1,2,2,2,2,1,2,2,2,3,3,3,1,1,4,0,2,2,0,0,0,1
1,SOKOTO,2,20,10,0,2,2,2,2,2,1,2,1,2,2,2,3,3,2,4,4,0,1,2,0,0,0,0
1,SOKOTO,2,20,4,0,2,2,2,2,2,1,2,1,2,2,3,3,3,2,0,4,0,1,2,0,0,0,1
1,SOKOTO,2,18,3,0,2,2,2,2,2,1,2,1,2,2,1,3,3,2,0,4,0,2,2,1,1,0,1
1,SOKOTO,2,25,10,1,1,2,2,2,2,1,2,1,2,2,2,1,3,2,4,4,0,1,2,0,0,0,1
2,SOKOTO,2,25,5,0,1,2,2,2,2,1,2,1,2,2,3,3,3,2,0,4,0,1,2,1,0,2,2
2,SOKOTO,2,18,3,0,2,2,2,2,2,1,2,1,2,2,1,3,3,2,0,4,0,2,2,0,1,0,1
1,SOKOTO,2,20,10,0,2,2,2,2,2,1,2,1,2,2,1,3,3,2,0,4,0,2,2,0,0,0,1
1,SOKOTO,2,18,5,0,2,2,2,2,2,1,2,1,2,2,1,3,3,2,0,4,0,1,2,0,1,0,1
2,SOKOTO,2,25,3,0,2,2,2,2,3,1,2,1,2,2,1,1,3,2,0,4,0,1,2,0,1,0,0
2,SOKOTO,2,18,4,0,2,2,2,2,3,1,2,2,2,2,1,3,3,2,0,4,0,1,2,0,1,0,1
2,SOKOTO,2,18,3,0,2,2,2,2,2,1,2,1,2,2,1,3,3,2,0,4,0,2,2,1,1,1,1
1,SOKOTO,2,25,4,0,1,2,2,2,2,1,2,1,2,2,1,3,3,2,0,4,0,1,2,1,1,0,1
2,SOKOTO,2,18,2,0,2,2,2,2,2,1,2,1,2,2,1,3,3,2,0,4,0,2,2,0,1,1,0
2,SOKOTO,2,18,4,0,2,2,2,2,2,1,2,1,2,2,1,3,3,2,0,4,0,1,2,1,1,0,1
2,SOKOTO,2,20,4,0,1,2,2,2,3,1,2,1,2,2,1,3,3,2,0,4,0,1,2,1,1,0,1
1,SOKOTO,2,23,4,0,1,2,2,2,2,1,2,1,2,2,1,3,3,2,0,4,0,1,2,0,1,0,1
1,SOKOTO,2,25,4,0,1,1,2,2,2,1,2,1,2,2,1,3,3,2,0,4,0,1,2,0,1,0,1
2,SOKOTO,2,25,2,1,2,2,2,2,2,1,2,1,2,2,1,1,3,2,0,4,0,1,2,1,1,0,1
1,SOKOTO,2,18,3,0,2,2,2,2,2,1,2,1,2,2,1,3,3,2,0,4,0,2,2,0,1,0,0
2,SOKOTO,2,25,2,1,1,2,2,2,2,1,2,1,2,2,1,1,3,2,0,4,0,1,2,0,1,0,0
2,SOKOTO,2,22,10,1,1,2,2,2,2,1,1,2,2,2,2,3,3,2,0,4,0,1,2,0,0,0,1
1,SOKOTO,2,20,5,1,1,2,2,2,3,1,2,1,2,2,1,1,3,2,0,4,0,1,2,0,1,0,0
1,SOKOTO,2,21,10,0,2,2,2,2,1,1,2,1,2,2,2,1,3,2,4,4,0,1,2,0,0,0,1
1,SOKOTO,2,20,10,0,1,2,2,2,2,1,2,1,2,2,2,1,3,2,4,4,0,1,2,0,0,0,1
2,SOKOTO,2,25,5,0,1,2,2,2,2,1,2,1,2,2,1,3,3,2,0,4,0,2,2,2,1,1,2
2,SOKOTO,2,20,3,0,2,2,2,2,2,1,2,1,2,2,1,3,3,2,0,4,0,1,2,1,1,0,1
2,SOKOTO,2,22,3,0,2,2,2,2,2,1,2,1,2,2,1,3,3,2,0,4,0,2,2,1,1,0,1
2,SOKOTO,2,20,3,0,2,2,2,2,2,1,2,1,2,2,1,3,3,2,0,4,0,2,2,1,1,0,1
2,SOKOTO,2,22,3,1,2,2,2,2,2,1,2,1,2,2,1,1,3,2,0,4,0,1,2,0,1,0,0
1,SOKOTO,2,25,3,1,1,2,2,2,3,1,2,1,2,2,1,1,3,2,0,4,0,1,2,0,1,1,0
1,SOKOTO,2,25,10,0,1,2,2,2,2,1,2,1,2,2,2,1,3,2,0,4,0,1,2,1,0,0,1
1,SOKOTO,2,22,10,0,1,2,2,2,2,1,2,1,2,2,2,3,3,2,4,4,0,1,2,1,0,0,1
2,SOKOTO,2,20,10,0,2,1,2,2,2,1,2,1,2,2,1,3,3,2,4,4,0,1,2,0,1,0,0
1,SOKOTO,2,20,11,0,1,2,2,2,1,1,2,1,2,2,2,1,3,2,4,4,0,1,2,1,0,0,1
2,SOKOTO,2,18,3,0,2,2,2,2,2,1,2,1,2,2,1,3,3,2,0,4,0,1,2,1,1,0,1
1,SOKOTO,2,24,10,0,1,2,2,2,1,1,2,2,2,2,3,3,3,2,0,3,0,1,2,0,0,1,1
2,SOKOTO,2,20,10,0,2,2,2,2,1,1,2,1,2,2,1,3,3,2,0,3,0,1,2,0,0,1,1
2,SOKOTO,1,23,10,0,1,2,2,2,1,1,2,2,2,2,1,1,3,2,0,3,0,2,2,0,0,1,1
2,SOKOTO,2,20,10,1,1,1,2,2,2,1,2,2,2,2,2,2,3,2,3,3,0,2,2,1,1,0,1
2,SOKOTO,2,23,10,0,1,1,2,2,1,1,2,2,2,2,1,3,3,2,0,3,0,2,2,0,0,2,1
2,SOKOTO,2,19,10,1,1,2,2,2,1,1,2,1,2,2,1,3,3,2,0,3,0,1,2,1,0,2,1
2,SOKOTO,2,22,10,0,1,2,2,2,1,1,2,2,2,2,1,3,3,2,0,3,0,1,2,1,0,2,1
1,SOKOTO,2,25,5,0,1,2,2,2,2,1,2,1,2,2,2,3,3,2,0,3,0,1,2,0,1,2,1
2,SOKOTO,2,22,10,1,1,2,2,2,1,1,2,2,2,2,1,3,3,2,0,4,0,1,2,1,1,1,2
2,SOKOTO,2,20,3,0,2,2,2,2,2,1,2,1,2,2,1,3,3,2,0,4,0,2,2,0,1,0,0
2,SOKOTO,2,19,3,0,1,2,2,2,1,1,1,2,2,2,1,3,3,2,0,3,0,1,2,1,0,2,1
2,SOKOTO,2,19,10,1,1,2,2,2,1,1,1,2,2,2,1,3,3,2,0,4,0,1,2,0,0,2,1
2,SOKOTO,2,24,10,0,1,2,2,2,1,1,2,1,2,2,1,3,3,2,0,3,0,1,2,1,1,1,2
1,SOKOTO,2,19,2,1,1,2,2,2,1,1,1,3,2,2,2,3,3,2,0,4,0,1,2,0,0,0,1
1,SOKOTO,2,25,3,1,1,2,2,2,2,1,2,1,2,2,2,3,3,1,4,4,0,1,2,1,0,0,1
2,SOKOTO,2,20,4,1,1,1,2,2,1,1,2,2,2,2,1,3,3,1,1,4,0,1,2,1,0,2,1
2,SOKOTO,2,25,3,0,1,2,2,2,2,1,2,1,2,2,2,1,3,1,4,4,0,1,2,0,0,0,0
1,SOKOTO,2,22,4,0,1,2,2,2,1,1,2,2,2,2,1,3,3,1,0,4,0,1,2,1,0,0,2
2,SOKOTO,2,25,10,0,1,1,2,2,1,1,2,1,2,2,2,3,3,1,1,4,0,1,2,0,1,1,1
2,TARABA,2,23,11,0,1,2,2,2,3,2,1,2,1,1,19,3,3,2,0,4,0,2,2,0,0,0,0
1,TARABA,2,23,11,1,2,2,2,2,3,1,2,2,1,1,19,1,3,2,0,4,0,2,2,0,1,0,0
1,TARABA,2,23,4,1,1,2,2,2,3,1,2,2,2,1,18,1,3,2,0,4,0,2,2,0,0,0,0
1,TARABA,2,20,10,1,2,2,2,2,2,1,2,2,2,1,3,1,3,2,4,4,0,1,2,0,0,1,0
1,TARABA,2,22,5,1,2,2,2,2,3,1,2,3,2,2,2,1,3,2,0,4,0,1,2,0,0,0,0
1,TARABA,2,21,2,1,1,2,2,2,1,1,2,2,2,2,1,3,3,2,0,4,0,1,2,0,0,2,1
1,TARABA,2,20,5,1,2,2,2,2,2,1,2,2,1,2,2,1,3,2,0,4,0,1,2,0,0,0,0
1,TARABA,1,22,10,0,2,2,2,2,3,1,2,2,2,2,2,3,3,2,0,4,0,2,2,0,0,0,0
1,TARABA,2,25,10,1,2,2,2,2,2,2,1,1,2,2,18,1,3,2,4,4,0,1,2,0,0,0,1
2,TARABA,2,25,2,0,2,2,2,2,3,1,1,2,2,2,19,2,3,2,0,4,0,1,2,0,0,1,0
1,TARABA,2,20,3,1,2,1,2,2,2,1,2,2,2,1,1,1,3,2,0,4,0,1,2,0,0,1,0
2,TARABA,1,19,10,0,2,1,2,2,3,1,2,2,2,2,1,3,3,2,0,4,0,2,2,0,0,0,0
2,TARABA,2,20,11,1,2,2,2,2,3,1,2,2,1,2,18,3,3,2,0,4,0,2,2,0,1,0,0
2,TARABA,2,25,4,1,1,2,2,2,2,1,2,2,2,2,1,2,3,2,4,4,0,1,2,1,0,0,1
2,TARABA,2,20,10,0,2,2,2,2,2,1,2,1,2,1,19,3,3,2,0,4,0,1,2,2,0,0,1
1,TARABA,2,25,10,1,2,2,2,2,3,1,1,1,2,2,18,3,3,2,4,4,0,2,2,2,0,2,1
2,TARABA,2,22,5,0,2,2,2,2,2,1,2,2,1,1,3,3,3,2,0,4,0,2,2,1,1,0,2
2,TARABA,2,25,4,1,2,2,2,2,2,2,2,2,2,1,1,3,3,2,0,3,0,2,2,0,0,0,1
1,TARABA,2,18,4,1,2,2,2,2,3,1,1,3,2,1,1,3,3,2,3,3,0,2,2,0,0,0,0
1,TARABA,2,25,11,1,2,2,2,2,3,1,2,3,2,2,2,1,3,2,3,4,0,1,2,1,0,1,1
1,TARABA,1,18,2,0,2,1,2,2,2,1,1,2,2,2,1,2,3,2,3,4,0,2,2,0,0,0,1
1,TARABA,2,23,4,1,1,2,2,2,2,2,2,3,2,1,2,1,3,2,3,4,0,1,2,0,0,0,0
2,TARABA,2,25,3,1,2,2,2,2,2,1,2,1,2,2,1,1,3,2,0,4,0,1,2,0,1,0,0
1,TARABA,1,18,3,1,1,1,2,2,2,1,2,2,2,2,6,1,3,2,0,4,0,1,2,0,0,0,0
2,TARABA,2,20,5,1,2,2,2,2,2,2,1,2,2,2,1,1,3,2,0,4,0,1,2,0,0,2,0
2,TARABA,1,25,2,1,2,2,2,2,3,1,2,1,2,1,18,1,3,2,0,4,0,1,2,0,0,0,0
1,TARABA,2,18,4,1,1,2,2,2,3,1,1,1,2,2,18,1,3,2,3,4,0,1,2,0,0,2,0
1,TARABA,2,22,5,1,1,2,2,2,2,2,2,1,2,2,1,1,3,2,3,3,0,1,2,2,0,2,1
2,TARABA,2,25,2,0,1,2,2,2,3,1,2,2,2,2,1,3,3,2,3,4,0,2,2,0,0,0,1
2,TARABA,2,20,5,1,1,2,2,2,3,1,2,2,2,2,1,3,3,2,3,4,0,2,2,0,0,1,0
1,TARABA,2,18,11,1,1,2,2,2,3,1,2,2,2,2,1,2,3,2,0,4,0,1,2,2,0,0,1
1,TARABA,2,25,10,1,2,2,2,2,2,1,1,2,2,1,18,1,3,2,4,4,0,1,2,0,0,0,0
2,TARABA,2,25,3,1,2,2,2,2,3,1,1,3,2,1,1,3,3,2,2,4,0,2,2,0,0,0,0
1,TARABA,2,25,5,1,1,2,2,2,2,2,2,2,2,1,1,1,3,2,0,3,0,2,2,0,0,0,0
2,TARABA,2,22,5,1,2,2,2,2,2,1,2,1,2,2,3,3,3,2,0,4,0,1,2,0,0,1,0
2,TARABA,2,25,4,1,1,1,2,2,3,1,1,2,2,2,1,3,3,2,0,4,0,1,2,0,0,1,0
2,TARABA,2,20,10,0,2,2,2,2,2,1,1,2,2,1,19,3,3,2,3,4,0,1,2,0,0,0,1
1,TARABA,2,23,10,1,2,1,2,2,2,1,1,2,1,1,18,1,3,2,0,4,0,1,2,0,0,1,0
2,TARABA,2,20,3,0,1,2,2,2,2,2,1,2,2,1,2,1,3,2,3,4,0,2,2,0,1,0,1
1,TARABA,1,21,5,1,1,2,2,2,2,1,2,2,2,1,1,1,3,2,3,4,0,1,2,0,0,0,0
1,TARABA,2,25,5,0,1,2,2,2,2,1,1,2,2,2,2,1,3,2,3,3,0,1,2,2,0,1,1
1,TARABA,1,19,4,0,2,2,2,2,2,2,2,2,2,2,1,3,3,2,0,4,0,2,2,1,0,0,1
2,TARABA,1,20,5,1,1,1,2,2,2,1,2,2,2,1,2,3,3,2,0,4,0,1,2,1,0,0,1
2,TARABA,2,24,10,1,2,2,2,2,1,2,1,1,1,2,18,1,3,2,2,3,0,1,1,0,0,2,1
1,TARABA,1,25,5,1,1,1,2,2,2,1,2,2,2,2,3,1,3,2,2,4,0,1,1,1,0,2,2
1,TARABA,1,24,4,1,1,2,2,2,3,1,2,2,2,2,1,2,3,2,0,4,0,2,2,0,0,0,0
1,TARABA,2,24,3,1,1,2,2,2,2,1,1,2,2,2,2,2,3,2,3,3,0,1,2,0,0,2,1
2,TARABA,1,18,4,0,2,2,2,2,2,1,1,2,2,2,6,3,3,2,3,3,0,1,2,1,0,2,1
1,TARABA,1,18,4,0,2,1,2,2,3,1,1,2,2,2,1,1,3,2,0,4,0,2,2,2,0,0,1
1,TARABA,1,24,5,1,1,2,2,2,3,1,2,3,2,2,1,1,3,2,3,3,0,1,2,1,0,2,1
2,TARABA,1,20,4,0,2,1,2,2,2,1,1,1,2,2,4,3,3,2,3,3,0,1,2,1,0,1,1
2,TARABA,2,21,4,1,2,2,2,2,3,2,1,1,2,2,2,3,3,2,0,4,0,2,2,0,0,2,0
2,TARABA,1,25,2,0,1,1,2,2,3,2,1,2,2,2,1,3,2,2,0,4,0,1,2,1,0,0,0
2,TARABA,1,24,4,1,1,2,2,2,2,1,2,2,2,2,2,3,3,2,3,3,0,1,2,2,0,1,1
1,TARABA,1,19,5,0,1,1,2,2,3,1,1,2,2,2,2,3,3,1,1,4,0,1,2,1,0,1,1
2,TARABA,2,23,5,0,1,1,2,2,2,1,2,2,2,2,3,3,3,1,1,4,0,1,2,2,1,2,2
1,TARABA,2,25,5,1,1,2,2,2,2,1,2,2,1,1,1,1,3,1,3,4,0,1,2,1,0,2,1
2,TARABA,1,25,5,0,1,2,2,2,2,1,1,3,2,2,19,3,3,1,3,4,0,2,2,0,0,2,0
2,TARABA,1,23,5,0,1,2,2,2,3,1,2,1,2,2,2,3,3,1,0,4,0,2,2,0,0,2,1
2,TARABA,2,19,4,0,2,2,2,2,2,2,1,1,2,2,18,3,3,1,1,4,0,2,2,0,0,2,1
2,TARABA,1,20,3,0,1,2,2,2,2,2,2,2,2,2,2,3,3,1,2,4,0,2,2,0,0,1,0
2,TARABA,2,25,5,0,2,1,2,2,3,1,2,1,2,2,19,3,3,1,3,4,0,2,2,1,0,1,1
2,TARABA,1,20,4,0,1,2,2,2,2,2,2,2,2,1,1,3,3,1,3,4,0,1,2,2,0,2,1
2,TARABA,1,20,4,1,1,2,2,2,3,1,2,2,2,2,18,3,3,1,0,2,0,2,2,2,0,2,1
1,TARABA,2,25,6,0,1,2,2,2,2,1,2,2,1,2,2,1,3,1,3,3,0,1,2,0,0,0,1
1,TARABA,1,23,5,0,2,1,2,2,2,2,2,1,2,2,3,3,3,1,1,2,0,1,1,0,0,2,2
2,TARABA,1,23,5,0,1,1,2,2,3,2,2,1,2,1,3,3,3,1,0,4,0,2,2,2,0,2,1
2,TARABA,1,25,5,0,1,2,2,2,3,1,2,2,1,1,1,3,3,1,0,4,0,2,2,1,0,1,1
2,YOBE,2,19,10,1,1,2,2,2,3,1,2,1,2,1,19,3,3,2,0,4,0,1,2,0,0,0,0
1,YOBE,2,20,10,1,1,2,2,2,3,1,2,2,2,1,20,3,3,2,0,4,0,2,2,0,0,0,0
2,YOBE,2,25,10,0,2,2,2,2,3,1,2,2,2,2,5,3,3,2,0,4,0,2,2,0,0,0,1
1,YOBE,2,20,10,1,2,2,2,2,3,1,2,2,2,2,3,1,3,2,0,4,0,1,2,2,1,0,1
1,YOBE,2,25,10,1,2,2,2,2,2,1,2,2,2,1,2,1,1,2,0,4,0,1,2,0,0,0,0
2,YOBE,2,24,11,0,2,1,2,2,3,1,1,1,2,2,1,3,3,2,4,4,0,2,2,0,0,0,1
1,YOBE,2,25,10,1,1,2,2,2,3,1,2,2,2,1,3,1,3,2,0,4,0,1,2,0,0,0,0
2,YOBE,2,18,10,1,2,1,2,2,3,1,2,1,2,1,1,1,3,2,0,4,0,1,2,0,0,0,0
1,YOBE,2,25,4,1,2,2,2,2,2,2,1,1,2,1,1,1,3,2,4,4,0,1,2,0,0,2,1
1,YOBE,2,21,10,1,1,2,2,2,2,1,2,3,2,2,2,1,3,2,4,4,0,1,2,0,0,0,0
1,YOBE,1,25,10,0,1,1,2,2,2,1,2,3,2,2,1,3,3,2,2,3,0,2,1,2,0,2,1
1,YOBE,2,25,10,1,1,2,2,2,2,1,2,2,1,2,4,1,3,2,2,4,0,1,1,0,0,0,1
2,YOBE,1,20,4,0,1,2,2,2,2,1,1,1,2,2,1,3,3,2,4,4,0,2,2,0,0,2,1
2,YOBE,1,20,2,0,2,2,2,2,3,1,1,2,2,2,2,3,3,2,4,4,0,2,2,0,0,0,0
2,YOBE,2,18,10,1,1,2,2,2,2,1,1,2,2,1,18,1,3,1,0,4,0,1,2,0,0,2,1
1,YOBE,2,25,11,1,1,2,2,2,1,1,2,1,2,1,2,3,3,1,0,4,0,1,2,0,0,0,1
1,YOBE,2,25,3,0,1,2,2,2,3,1,2,2,2,2,1,3,3,1,0,4,0,1,2,0,0,0,0
1,YOBE,1,25,3,1,1,2,2,2,2,1,2,2,2,2,1,3,3,1,1,4,0,2,2,0,0,0,1
1,YOBE,2,22,3,0,1,2,2,2,3,1,2,1,1,1,6,1,3,1,4,3,0,1,2,2,0,2,1
1,YOBE,2,25,5,1,1,1,2,2,2,1,2,2,1,1,2,1,3,1,0,4,0,1,2,0,0,2,0
1,YOBE,2,25,10,1,2,1,2,2,3,1,1,2,2,1,20,2,3,1,0,4,0,2,2,2,0,0,1
2,ZAMFARA,2,21,11,1,1,1,2,2,1,1,1,2,2,2,2,1,3,2,4,4,0,1,2,0,0,1,1
2,ZAMFARA,2,23,10,1,1,2,2,2,2,1,1,1,2,2,3,3,3,2,0,4,0,2,2,0,1,0,1
2,ZAMFARA,2,23,11,0,2,2,2,2,2,2,2,1,2,2,1,1,3,2,3,3,0,1,2,0,1,1,1
1,ZAMFARA,2,20,2,1,2,2,2,2,2,1,1,1,2,2,3,3,3,2,4,4,0,1,2,2,0,0,1
2,ZAMFARA,2,24,10,0,1,2,2,2,2,1,1,1,2,2,1,3,3,2,0,4,0,1,2,0,1,1,1
2,ZAMFARA,2,21,10,1,1,1,2,2,2,1,1,1,2,2,1,3,3,1,0,4,0,1,2,0,1,1,1
2,ZAMFARA,2,23,5,1,1,1,2,2,3,1,2,1,2,2,1,1,3,1,0,4,0,1,2,0,0,2,0
1,ZAMFARA,2,25,10,1,1,2,2,2,1,1,1,1,2,2,20,3,3,1,2,3,0,1,1,0,1,1,2
2,ZAMFARA,2,20,3,1,1,2,2,2,1,1,1,2,2,2,3,2,3,1,0,4,0,1,2,0,1,0,1
2,ZAMFARA,2,22,10,1,1,1,2,2,2,1,1,1,2,2,1,3,3,1,0,4,0,1,2,0,1,1,1
2,ZAMFARA,1,22,5,1,1,2,2,2,2,1,2,1,2,2,19,1,3,1,0,4,0,1,2,0,1,0,2
2,ZAMFARA,1,25,6,0,1,2,2,2,2,1,2,2,2,2,2,3,3,1,1,3,0,1,1,0,1,2,1
2,ZAMFARA,2,25,4,1,1,2,2,2,2,1,2,2,2,2,1,1,3,1,3,4,0,1,2,0,0,1,1
2,ZAMFARA,2,24,10,1,1,2,2,2,1,1,1,1,2,2,5,1,3,1,0,4,0,1,2,0,1,1,2
2,ZAMFARA,2,25,10,1,1,2,2,2,2,2,1,1,2,2,19,3,3,1,0,4,0,1,2,0,1,1,1
2,ZAMFARA,1,22,5,0,1,2,2,2,3,2,2,2,2,2,1,3,3,1,0,4,0,1,2,0,1,2,1
1,ZAMFARA,2,25,4,0,2,1,2,2,2,1,1,1,2,2,19,1,3,1,2,4,0,1,1,2,1,1,2
